gene_id,value
8639.1,472.51242709437776
26.1,592.231116143484
314.2,837.1338297234347
314.1,153.6659790035777
1591.1,20.331368095408013
1594.1,569.6668355809447
10993.1,766.7990486965621
6818.1,396.05464311337994
89874.1,125.39140587415355
92483.1,753.0769393259728
3948.2,674.6313240310894
55293.1,955.6137017894686
3945.1,115.70059334093541
3939.1,866.1476371233053
160287.1,920.2732154107961
3948.1,568.8008381817575
9123.1,903.9924338936835
9194.1,168.76230545501272
6566.1,375.9797693860821
57835.3,513.5521312602735
8671.1,272.1777005457901
57835.2,681.6401152243791
57835.1,495.17701658787576
57835.4,879.1169059141712
4967.2,867.3558566852013
1738.1,403.4845402928727
8050.1,445.24516137491486
1743.1,553.4387184312245
4967.1,270.58319468117384
130.1,525.2509366909958
127.1,475.3205494991136
125.1,970.1395606513405
124.1,829.8075985658228
131.1,628.3922936392371
126.1,750.330914073661
128.1,170.8392349531007
137872.1,977.9226611743214
1312.1,118.70697734250399
1312.2,748.4744822259323
117247.1,150.50938555951882
218.1,68.70751321300088
222.1,467.81899094338695
220.1,224.80846064755315
221.1,225.89109793888392
3242.1,659.608076826727
18.1,12.941289602986602
18.2,651.8222196429098
2531.1,773.954687041182
23498.1,11.83590688160189
55268.1,434.4948849740606
51166.1,328.8811130931357
883.1,596.6965063222797
51166.2,280.50465615037245
1644.1,745.8203574007401
26275.1,498.28376069491804
26275.2,869.9174588809715
4128.1,80.8212197756296
4129.1,585.3712912887885
53.1,642.8650635989828
55.1,934.9040846303237
51205.1,840.4344365383192
54.1,604.844697946672
10165.1,933.0847503056509
8604.1,453.43117150308643
51380.1,885.9167810760497
2571.1,206.6911669710488
2572.1,840.7609569621986
2571.2,899.4900606448626
2805.1,895.9439994607241
2806.1,489.84646827664636
8659.1,498.49835650712555
8659.2,895.1865212404764
6799.1,692.9081791341853
6817.3,287.87181112496745
6799.2,49.30293111322585
6818.2,502.5577620346171
6817.2,175.32554309998204
6817.1,286.909252704517
6817.4,225.30332280737434
6818.3,821.5178044009181
6817.5,395.9126370172051
4363.1,40.76402543059851
6822.1,715.9628641063833
6573.1,187.6766185791106
6573.2,131.36369177779486
316.1,451.23027918449003
219.1,495.51591810652917
217.1,435.4329447279706
3620.1,425.84892769662565
6570.1,581.3332993563772
6571.1,274.51049909978167
2348.5,990.5222874181503
2348.3,812.6896886947322
2348.1,127.91897259739737
2348.6,856.7650493071133
2352.1,33.34330178815214
2348.4,716.8142823962955
2348.2,683.2343986449813
4123.1,232.97343431184575
4125.1,641.190993522263
53947.1,9.580169516317897
51146.1,42.358903635610304
28.1,35.97133404960185
206358.1,439.3850932317771
6529.1,975.1911041682373
6538.1,248.04766425523687
6540.1,474.0390657357647
6539.1,938.060404631555
38.1,637.953062254011
3032.1,617.7888517354121
10449.1,439.7216285679541
3030.1,292.2664813982288
39.1,937.2583284980327
30.1,57.51795428252684
32.1,558.7142256572453
9197.1,408.0915438583885
84532.1,689.3147222419324
79611.1,696.5266898640793
64841.1,496.4045336894262
55577.1,837.511292345517
5238.1,770.2683113776952
9487.1,147.0178686533995
162417.1,311.1926366509706
43.1,590.853974404673
43.2,587.1556021619728
6572.1,867.2854206739698
47.1,930.8999566175879
47.2,199.18563834128605
54187.1,427.5442363491533
26503.1,631.8642153127914
140838.1,885.6610812243501
36.1,153.68678034634593
34.1,451.4502049913819
80724.1,68.06188138799641
35.1,870.8028720835737
84129.1,438.32188425899864
27034.1,369.7484930307664
28976.1,877.4936281459453
3712.1,19.797781584514844
134526.1,35.3934577253568
51.1,111.96383848543663
51.2,551.9111007794347
95.1,997.8751275439604
50.1,217.35951372776455
48.1,806.663333608101
8309.1,388.1359602116334
52.1,785.0697886595059
52.3,488.3262504191447
52.2,582.930394509683
788.1,427.64189650556506
55902.1,923.4383564139297
65985.1,86.36858179126246
55902.2,593.9758056993882
438.1,738.6417412791918
1571.1,407.19053127918363
100.1,125.00826804431183
3177.1,152.34321267144637
55315.1,688.3392084267874
205.3,687.2689758127412
205.1,10.598812065375995
204.1,331.81883513569403
204.3,447.49542313601916
204.2,633.5232729255112
205.2,819.459862491934
26289.1,533.0545840713364
26289.2,917.8787564567796
50808.1,655.4256327807645
262.1,860.5628485432197
112.1,428.9556217839741
55811.1,794.6121981670054
109.1,975.0290448097819
112.2,138.02220326232947
114.1,227.93689187268993
108.1,325.2860516370008
113.1,145.34886607987752
107.1,163.7256277155976
196883.1,834.2405975111534
115.1,980.2760649717512
111.1,895.3855922284635
2030.1,341.0062097843187
9154.2,474.7519612278876
9154.1,942.4766816055309
64078.1,876.1518573040817
9153.1,791.5632138949762
11164.1,425.61522193927027
53343.1,861.9984718509837
53343.3,878.2873053291179
53343.2,721.1596802518906
952.1,571.0146637083631
1375.1,297.11077421252907
1375.3,372.0163127436833
1375.4,896.0909031490534
126129.1,986.869702223197
1374.1,533.5544051157322
1375.2,125.24714790483912
1376.1,731.8939483401364
9061.1,442.45845994845956
9060.1,505.0392749546241
158.1,164.53023958624294
158.2,696.0439531805124
79369.1,344.351818238149
10678.1,823.3464158751195
11041.1,11.703184729470031
146712.1,241.24561526209115
374907.1,147.72882189954046
93010.1,655.621647589458
374907.2,914.24196429828
10331.1,894.6087617078011
10678.2,848.2209588019472
79814.1,442.6475374109157
10555.1,648.2531587666201
137964.1,140.79034897279578
56895.1,252.80628431001125
56894.2,3.196964880347851
56894.1,998.1663121349671
55326.1,242.20658712768022
10554.1,53.705993653686086
129642.1,475.85940183665986
5832.1,495.4484567131373
8540.1,972.6694196599333
64902.1,302.1276886899899
64850.1,871.6738504044046
189.1,665.6933110531122
3073.1,920.7582506909538
3074.1,948.0448831121693
10606.1,753.6042675391067
8402.1,303.41814477013384
1468.1,379.72896833701805
64849.1,495.412701153608
64849.2,700.4117269415135
1645.1,948.9939473881375
1109.1,519.2386635532338
6718.1,288.4483051133863
6510.1,120.27340980504474
6509.1,33.70766622250211
56301.1,342.995732383305
6520.1,53.08715070643903
212.1,102.97062277022596
23464.1,884.0444939958559
211.2,29.389492243750254
211.1,248.0968572263731
54407.1,317.724373035786
6542.1,287.2269624268518
11254.1,205.3281658207989
6541.1,219.45419301083348
81539.1,368.5808300943378
55089.1,345.2648473362594
84889.1,423.92552992739644
340024.1,13.8366479923527
57393.1,275.6674934475983
59272.1,95.40353615275087
2875.1,451.0993374693677
84706.1,317.0684223092263
92745.1,64.94448602251934
10991.1,79.7295855936644
284273.2,18.205463281910802
284273.1,372.5090413804559
10327.1,39.62135597086424
10327.2,2.8944825346070484
216.1,604.8872283011171
8854.2,7.926133426058548
501.1,642.875839057003
8854.1,536.8149381418582
223.1,796.0260506644271
224.1,527.6820389066157
8854.3,753.0915549505831
248.1,214.78953910268694
251.1,434.55269642850976
249.1,798.0573406311737
250.1,978.303417967964
239.1,965.37572627624
242.1,559.4574825634813
247.1,284.95978110565926
246.1,835.2601512878862
240.1,81.25270218206646
8574.1,474.1593160616721
231.1,150.7943887677022
23600.1,367.59543528143575
23600.2,719.1153425144388
115286.3,128.6940015279945
115286.2,279.2322124525096
115286.1,658.7684179359908
271.2,276.2499913677453
270.1,961.3518160383437
271.1,92.26012005999715
272.1,535.9395026715381
271.3,386.2975870357366
290.1,805.9921033193265
280.1,621.4025101160953
278.1,604.1006048329864
276.1,829.2988977439912
277.1,767.1691260362093
6519.1,970.8202164847088
11136.1,403.7055031464955
276.2,385.01202557392804
279.1,955.802802293625
318.1,188.30225757498343
318.3,866.32873307678
318.2,515.4920851367006
10998.1,538.4018621124484
113451.1,984.8379730753243
9057.1,93.89343565520053
384.1,707.6779608004222
445.1,423.5685480591289
445.2,610.4658582201615
83884.1,258.6688719146038
10166.1,164.1356960450494
410.1,95.86300830126386
427.1,759.5688224451618
427.2,999.8460494809021
9962.2,862.3936310187019
9963.1,603.7665789320793
9962.1,243.9924071195608
9963.2,344.8417300384336
80150.1,699.7511674435173
440.1,574.6150330943902
440.3,998.9450069777761
440.2,798.5421757078892
790.1,28.449945492683803
6511.1,189.018174200861
6505.1,997.8733460238005
6507.1,600.6345555584703
6506.1,393.42584210964077
6512.1,160.38188143997286
50617.1,739.1109088065322
533.1,460.42471965259057
527.1,550.5975691953403
8992.1,142.38696136460675
245972.1,962.4729389731687
9114.1,157.63233055585337
535.1,305.2644055391847
50617.3,113.90240930457063
10312.1,352.36476192902546
50617.2,43.76745721764671
23545.1,22.56443308154486
10312.2,387.6329027287642
51382.1,222.86594532044654
9296.1,263.5327472794633
529.1,517.0565626841005
245973.1,485.7600859491749
523.1,627.1810600802168
51606.1,556.4147485520305
9550.1,14.945509695642475
526.1,305.0739692205737
127124.1,649.1768357159302
525.1,276.99591715743554
90423.1,648.9724771114752
51606.2,568.0649861745089
51606.3,739.4048833635565
534.2,133.91297117536936
528.2,706.6671143505678
534.1,992.3925783391874
528.1,269.75412419985526
127124.2,498.58835666429337
954.1,28.121452776719728
954.2,369.9062043196858
953.1,969.8186230312004
956.1,640.9928765580829
955.1,396.0916789669446
957.1,562.6056069747026
377841.1,385.80388274700607
291.1,795.2877478482828
293.1,870.2698877535685
292.1,460.6552232933979
4126.1,545.5508267494147
8706.4,643.1113241780071
8706.1,512.0378373089486
8706.3,940.4036134616515
8706.2,550.2648775144322
8705.1,438.77098653703354
10317.4,733.6274118296659
10317.1,257.9279713020086
10317.3,386.86971797507067
10317.2,600.5014431224788
10317.5,722.9141777509576
84002.1,914.7844436112434
570.1,256.0298665272212
3141.1,245.95852092556558
140679.1,884.81666646378
8424.1,78.40045452619167
53630.1,139.4123538759173
57733.1,497.3872522865719
622.2,764.2576710018976
622.3,717.5911901629108
622.1,215.27529204730544
56052.1,568.7086409639579
23743.1,606.7763688786339
635.1,196.91815770636197
10599.1,887.4077841574424
1244.1,404.21735906495735
8714.1,261.49839206664853
28234.1,752.122656937867
645.1,427.559831569803
644.1,596.5344755964936
9488.1,687.3927640841222
10380.1,228.8583113516883
686.1,155.90426396676574
8884.1,229.69292159813682
80704.1,221.5562422007269
51733.1,901.7765202752349
7108.1,393.3358303049059
549.1,539.5955466134963
1891.1,578.799389409007
1962.1,336.5464377611631
50814.1,530.6993827292785
3295.1,840.3116019537554
6307.1,69.9401781333544
492.1,613.1074462421045
491.1,578.6017203394816
490.1,357.42559761908603
493.1,965.5982613592447
847.1,785.0800016657388
6547.6,283.85762907561974
6547.4,299.0044950077586
6547.2,461.4546581666471
6546.1,279.87255207482394
6547.1,97.9097794739124
6547.5,404.22040789718267
6543.1,934.8615666242824
6547.3,422.2537095007855
166785.1,226.46595845584366
2538.1,365.2378707532819
57818.1,838.9257803647206
92579.1,236.0557577591757
1373.1,518.9553680702022
1373.2,913.445737343392
873.1,25.09331882568168
10423.1,454.17765246170393
10423.2,781.2928975393282
1040.1,390.8639110875797
8760.1,34.15754985136752
10390.1,988.4651711859042
56994.1,507.2619769003647
64781.1,449.4267063638969
64781.2,565.2457074312599
10087.1,852.9743251724476
6565.1,4.676329365625126
9023.1,447.94475002565804
1103.4,191.01603992343243
1103.2,191.06197254634603
1103.3,481.24384498567423
1103.1,92.20238796639293
162466.1,533.1350997509953
5130.1,114.7126608407987
9468.1,876.0082497408661
6579.1,435.88068218058635
6554.1,406.14560144610107
6555.1,13.413532581322862
8714.3,644.1251143015647
8647.1,345.71753049146855
8714.2,381.9554489471514
55349.1,435.5924739835055
1120.2,760.0138143341402
1119.1,227.19801720933575
1120.1,985.9545663945174
1119.2,933.0718650349106
60482.1,734.2513693892458
6582.1,948.4860928907499
6584.1,5.1465292146403465
6582.2,524.8229213668876
6820.1,228.656371468627
10948.1,958.6179570656212
19.1,559.3750643090402
27159.1,211.04251376512116
54682.1,653.99085390971
1118.1,452.2749930497552
27159.2,844.5632185066029
9058.1,354.999716777281
6576.1,667.5783605755631
1159.1,279.98118040532404
1160.1,770.4000154427333
548596.1,956.3860802920678
1152.1,311.99904752608546
1158.1,429.56668561476874
5172.1,633.3987791011413
65010.1,829.1735878975662
65010.3,370.09070076246735
65010.2,582.2862452483936
54675.1,822.5369632865426
10559.1,67.93918141272118
55907.1,410.56883018496194
8034.1,805.0069373307128
8824.1,576.5800283699389
51805.1,740.3655095386152
51004.1,972.6548234514977
51004.2,677.195291446747
10229.1,447.61341072178
9245.1,214.31089582995116
2650.1,648.3430652934355
51301.1,689.0226372580385
192134.1,154.47341642711518
6535.1,935.9194401913063
386757.1,201.8827252645548
1384.1,160.94444752327865
6583.1,626.1006333313304
1431.1,904.4021735886361
1431.2,249.97772842650033
54677.1,575.8461708246963
1384.2,561.7730439527536
1384.3,980.3163736609262
8140.1,10.47592251838738
23428.1,436.37141274020985
23428.2,225.42544194641798
1036.1,146.79340381516823
124935.1,140.4714581913115
23657.1,23.608069242850636
978.1,494.7952454445394
57379.1,957.2597984729869
7371.1,373.9731760006748
83549.1,521.1100627813182
51727.1,291.3556421611102
129607.1,932.980630881247
9162.1,948.538827119679
1607.1,442.83952179130733
8525.2,530.974704633769
160851.1,235.58307966522347
1608.1,982.9385765892088
1607.2,320.88940578005634
8525.1,586.377735516842
8527.1,443.5447697437697
1606.1,918.8267395180017
160851.2,183.17929406851866
8526.1,520.6191318305928
8525.3,680.112726254319
8527.2,61.832591512757624
1609.1,566.310254485425
1610.1,209.2901613094247
2745.1,629.9881905687541
51022.2,865.7012213560487
51022.1,628.2525967467526
8528.2,332.46518993153984
8528.1,656.2360698797481
1632.1,168.8233439695092
10455.1,831.3768198851628
1633.1,701.1098217603727
1638.1,555.5278052545461
6319.1,309.8872593843754
9415.1,712.3138973981519
3992.1,893.7289482927092
8694.1,119.7600322936237
84649.1,269.9617900568922
1716.5,973.8724674672213
1716.1,490.46953451599194
1716.4,254.60495760821738
1716.2,776.2992608693615
1716.3,363.79943509553146
6515.1,168.36346376374058
6513.1,474.62521944536036
6517.1,922.9281978488708
8443.1,334.3969015663435
1718.1,341.2088148492555
1581.1,614.1232503246034
1717.1,314.3586174951801
8560.1,731.494774275455
8560.2,833.846072792565
123099.1,155.17007188775744
11309.1,945.043864521352
6783.1,311.2683917042756
1723.1,10.493227398767235
1807.1,100.03290821212327
1809.1,408.90799679936623
1808.1,831.5072166680569
23539.1,775.0172904429811
2224.1,867.717501308847
29958.1,819.4560082285129
1787.3,575.3159059375245
1788.2,320.7434078085297
1786.1,467.2688043696655
1787.4,938.1580036020528
1787.6,384.4989953313081
1788.3,101.51254334799503
1789.4,574.1427006115805
1789.2,806.2877292117626
1789.1,723.8120623504235
1787.5,985.3416285175379
1789.3,378.5148289131433
1787.1,752.0296013609172
1788.4,58.475247545441704
1788.1,452.8521843644683
1787.2,306.0111350179678
60386.1,542.6017128448036
6185.1,930.1074076880208
1650.1,601.3452162754722
6184.1,487.50941822222296
1603.1,944.4105617152496
57171.1,187.5856576742831
29929.1,624.3951251687738
79053.1,694.352186300622
79053.3,905.5940138002583
79053.2,827.9013732287757
84920.1,580.4966705238949
54344.2,151.7930958680718
8818.1,106.14753335346194
8813.1,488.1496883922388
8818.2,735.9040316303771
54344.1,546.1703625711564
10195.4,458.6798904741818
10195.1,628.2681492731189
10195.3,694.0968713651134
10195.2,557.7818594502126
79087.1,227.5357930036955
26002.1,661.0929008884855
1621.1,806.2448043655629
7299.1,809.2223168896921
6530.1,963.1867024625313
6531.1,450.80028892044953
6581.1,858.0393972814305
669.2,544.3082855193807
5223.1,975.2050087229277
5224.2,203.89939750181514
5224.1,880.4467279678944
669.1,418.30535837911265
4597.1,961.8657441747115
51071.1,647.3123891044235
1806.1,600.8090697474132
7083.1,37.35115055764262
7084.1,352.4571505591694
1854.1,490.7587281571674
3704.1,631.8286262737065
10682.1,889.2689136118768
1892.1,549.9033874024826
13.1,41.62848998058219
11001.1,244.3726729499142
64772.1,448.058503654476
5833.1,674.0066890293239
28231.1,83.78359200872168
53919.1,662.214335744919
10257.1,375.58496102109996
28232.1,940.7932168787409
2109.2,808.4875277768112
2108.1,476.0029788067506
2109.1,323.85896885338315
2110.1,297.7650167752321
55500.1,827.2208283363004
55224.1,518.4719992942638
8790.1,703.1276431526767
51086.1,709.9148239327318
2530.4,357.7938380479024
2530.1,143.33483334017043
2530.3,466.6566825944325
2530.2,922.6757394772568
2530.5,582.5089396744826
55301.1,759.3092502149764
2194.1,839.6527336938907
2181.1,316.8000063512955
2182.1,938.6559821148647
2180.1,491.7586070580902
2181.2,881.9209948128645
51703.1,469.931963099018
81616.1,88.85483602919162
23305.1,848.7512838654769
2182.2,318.4319653999973
116285.1,982.2339551671884
5167.1,673.3758260532379
5169.1,309.9825475815678
6785.1,374.8185925263877
79071.1,280.4646830343833
60481.1,921.8403456256569
54898.1,140.24301202969536
1579.1,856.0282993518543
376497.2,848.1897645068832
10999.1,249.6785314741408
376497.1,233.8075617953166
11000.1,803.4651391786454
226.2,180.53617569296227
229.1,841.5570754325777
226.3,253.29956049940824
230.1,795.7370741521847
226.1,120.68184447442535
2203.1,760.7606473799074
5210.1,728.9054840085138
5207.1,771.5654738567613
5209.1,313.63335735537726
5208.1,856.5924236841411
8789.1,64.59453008820248
2235.1,283.69160732033856
2235.2,989.8513826664527
10840.1,979.4449726179271
79901.1,152.7262680485789
197258.1,400.20869182741114
125061.1,21.061357499327595
1719.1,62.408048166243574
2356.1,247.35724013438195
29988.1,933.3465857679315
6514.1,841.4760673912202
155184.1,60.39778534005033
6518.1,59.449612281332854
66035.1,423.4623636616032
160428.1,201.73249627109408
25902.1,837.2706443458707
4522.1,138.1560960668133
2519.1,930.5447569623775
2517.1,415.201911807435
2184.1,624.6694693078979
2271.1,134.95610101324343
2523.1,347.5146396552883
2525.1,357.7574019257596
10690.1,822.9609489819704
85365.1,930.9376943500469
85365.2,842.2275781484678
9334.1,749.6154719465019
2683.1,837.5408727848449
8703.1,244.5293607293418
8704.2,175.65324012066625
8704.1,405.62954186552486
2820.1,767.2047593418961
9563.1,91.56270228655437
2539.1,889.6361334008818
2542.1,639.551703619311
2593.1,71.92981761549565
2593.2,371.7908491837919
9514.1,659.2254384073891
5476.1,42.01967938641827
2720.1,74.4496763369392
2588.1,504.2410537496785
4758.1,509.9114127616509
2581.1,448.09420525245
2583.1,301.05251458259823
55790.1,88.028097160766
55454.1,377.3178328741556
79586.1,247.04516493484692
22856.1,133.94793881871925
337876.1,839.897464115967
26290.1,165.39306175581723
79695.1,89.94046916836011
2589.1,751.816927481092
50614.1,742.6212886818673
8693.1,599.740516710691
55568.2,926.8363729071953
114805.1,824.091463121754
11226.1,308.674871544836
117248.1,371.5911773570977
11227.1,977.8679627202163
55568.1,686.8296963246044
2590.1,953.3336037953532
51809.1,990.7512807907948
79623.1,956.7576767556097
63917.1,347.99951563114735
2591.1,483.1220891144067
81031.1,725.6796854216051
126792.1,280.0945929552195
11285.1,929.3261972155514
8972.1,188.90464586532747
2618.1,224.02444737139413
2618.2,899.5982106020685
175.1,949.9932645060429
2629.2,204.48511135509668
2629.3,566.9583099282726
2629.4,15.910780288950415
2629.5,313.95047175606686
2629.1,169.06823136064023
26301.1,634.5888166760567
4329.1,980.4031435796859
7915.1,970.3943879228955
7915.2,126.32116389886329
275.1,955.8903985203323
2731.1,976.2317837998372
2653.1,488.9750698943173
2651.1,900.4646218398728
55343.1,342.8131421664129
7264.1,715.5939525241129
8836.1,259.76949643835366
79017.1,717.2770877148619
8908.1,463.7285981291523
2998.1,470.10847795709867
2992.1,187.43062749186564
2997.1,823.660868670218
2687.1,664.8595742877465
6472.1,84.0717167693946
6470.1,920.6437681713529
6470.2,685.3521307406533
2987.1,578.2298446771501
2717.1,473.3578760592995
2632.1,730.5539618750157
2990.1,974.0920577838749
8372.1,452.7851052169663
26035.1,883.8519032491048
54480.1,638.5403184014885
2131.1,895.1797515202582
2132.1,72.05775777768677
2132.2,606.4973776906357
27087.2,136.92881113264104
135152.1,274.868078293146
27087.1,521.5341047019577
26229.1,707.4997343019378
4669.1,445.744473565718
64579.1,294.88610606587656
3340.1,330.2581788924422
9348.1,402.01536890492616
8509.1,578.2512318891827
1798.1,67.04295965135886
1798.2,799.8442932294419
2137.1,701.1825990947449
2135.1,810.3856082284576
2134.1,394.2735472077044
56606.1,947.688539642301
154091.1,259.20346161949897
11182.1,544.8104179185493
56606.2,180.2818108682548
144195.1,486.27009086743317
6523.1,459.99178886881543
178.4,731.8575664556463
178.5,631.5068751232392
178.1,947.4677135680093
178.3,660.0672038319823
178.2,49.81233872707211
178.6,664.5090198285684
5834.1,635.2823291803733
5837.1,766.8665362403453
5836.1,754.4309934419841
2729.1,772.8836934112398
2730.1,343.15162329257714
2747.1,223.2167801437748
2746.1,64.97784656782362
10841.1,812.2502509141782
10841.2,44.05552671516207
2744.1,501.05435405935754
27165.2,973.7849830635279
27165.1,990.3479018027346
83733.1,604.5636538484588
79751.1,377.7729299037418
2639.1,500.16840569860426
2639.2,798.0986371294503
57084.1,757.6687035803379
246213.1,172.82879784485633
57030.1,993.1992115403209
54363.1,553.0344750201232
51179.2,433.0195647299109
51179.1,88.87897336639301
2628.1,457.47371045065
9380.1,763.6932310508458
2710.2,663.5058815780495
2712.1,945.3003905608169
2710.1,910.8483422394887
2713.1,9.7319316451136
3029.1,136.37716346472118
6536.1,16.382224330678206
6536.2,657.5217789421607
5226.1,747.597507693106
27232.1,782.0159892649853
57678.1,726.2690660087746
84803.1,601.5462822286692
150763.1,812.3387224301083
284098.1,323.5752403814492
80055.1,669.7982600918438
93183.1,347.3756875876384
54965.1,616.5793676593347
2936.1,913.5091598722386
7001.3,9.190187965710209
5052.3,513.9000063153068
2877.1,555.2766471352934
2876.2,627.2099354961563
5052.2,878.7398896347771
2876.1,326.78852623787435
5052.1,347.6308390626741
7001.1,830.1706404478535
2879.1,622.5409222131367
7001.2,445.0102809024733
2878.1,461.85542535580606
257202.1,440.37275342959555
2882.1,121.9809983795624
10935.1,102.2798751183683
10935.2,964.6080867170201
2937.1,591.9922958930503
2679.1,228.31962484791475
2678.1,340.9583518381132
2678.3,543.8207283697374
2678.2,433.49290496209227
2643.1,548.2813602502165
2977.1,344.62296215515806
2983.1,406.8312133676721
4882.2,400.6836374510243
2982.1,927.7276704100403
2974.1,102.54492701383992
2986.1,412.05955974449034
4882.1,742.1050119732807
2984.1,453.8520047424826
4881.1,51.48757130353151
3000.1,193.6232757279682
9615.1,207.40521334676316
763.1,408.8133021234331
11238.1,849.4597983544443
23556.1,464.2964975931456
23556.2,526.7746309868303
55650.1,803.9494246687256
53905.1,528.8901291623496
50506.1,449.37665534902067
53905.2,561.4639583248459
343.1,48.650094845496874
84720.2,368.59324138276855
5281.1,13.735333183851612
84720.1,549.3696852547254
5281.2,811.2446874109895
54872.1,571.5049032922842
80235.1,545.5585332299771
10026.1,729.2848012014583
8733.1,502.8586480908886
128869.1,266.7682780942784
94005.1,826.8387331819677
51604.1,883.1116540134011
3028.1,804.0960604246881
3033.1,183.03842882490073
3038.2,901.8368230106007
3036.1,206.3049094138033
3038.1,870.474467292797
3037.1,7.376125691374514
27235.1,935.1409841405933
6522.1,64.60182651557584
83697.1,689.9693798280393
6521.1,755.288246902281
6508.2,38.69585757133869
6508.1,558.8954437378482
2645.1,203.56857023120088
3099.1,456.8048986359459
3098.3,791.372332695792
2645.2,177.01317282588516
80201.1,334.6217041357891
3098.2,198.93127420690027
2645.3,517.8719275348151
3098.1,751.3168695937637
3098.4,171.68045839700275
3101.1,45.44307630603203
3098.5,49.98825082815634
3081.1,272.4193701637714
11112.1,322.52668930264036
3067.1,137.09597326622398
495.1,690.8490827533375
496.1,21.0261983313161
8942.1,449.19561085226877
3156.1,430.548159971507
3157.1,598.6488904397705
3157.2,284.52614689150175
3158.1,605.2599736189926
3155.1,758.409401292288
54511.1,497.3121696937646
3162.1,148.7030728593683
3163.1,904.0702822961126
26062.1,854.9161362371939
197257.1,921.9710340336769
197257.2,168.70714013285783
6448.1,660.5653722049364
3290.2,519.9888729233606
3290.1,369.8858523024223
3291.1,340.23347701448023
3292.1,649.6422382434588
7923.1,759.841446351827
3294.1,321.95980438066266
51478.1,477.05532609112583
3283.1,155.37006727236837
3284.1,811.8541176041427
80270.1,954.8758639692751
57026.1,144.22422623431987
3421.2,723.4792970523335
3420.3,927.4142247037768
3419.1,405.6937265279917
3420.1,984.5023228936589
3421.1,112.07244315782775
3420.2,808.2844564969782
3417.1,580.9594891135226
3418.1,843.177954093723
7173.4,963.6200157000527
7173.1,679.9891390856793
7173.3,177.33999395283544
7173.2,269.72145220366866
7173.5,993.1866473362307
3425.1,18.389619413954982
587.1,280.19919837486674
8501.1,939.405967924285
55586.1,490.365971157265
114134.1,498.2829950555214
6526.1,277.98787943602366
3422.1,731.3344929766536
91734.1,682.4847863772108
160728.1,334.9755247584353
8802.1,557.2045242424855
8801.1,901.3923700724962
8803.1,57.94571110001754
6560.1,833.3040311775769
10723.1,659.1066579472105
9990.1,436.3412829205503
57468.1,991.5966887935921
3795.1,765.0068191568429
3795.2,427.9085591783942
84679.1,811.0168543461547
23315.1,405.1709477361755
8564.1,383.35550526684744
3938.1,366.6799438934916
3931.1,412.31213268840264
387775.1,743.0763024243377
124637.1,775.3650926280773
366.1,603.6927691773386
11283.1,504.05304736168495
4047.1,961.2019553063157
5321.1,197.9210864289098
1178.1,777.5840453735457
29124.1,184.4224126314187
51268.1,698.5174708661976
4023.1,578.4084037100346
3990.1,877.8505425664646
1056.1,655.9123073470431
80339.1,991.8533692784865
11343.1,707.7110226921737
11343.2,293.01540391713104
50487.1,90.3547318310839
9388.1,340.0691121230625
5407.1,407.10078241924606
8513.1,879.0555867762539
5408.1,800.3960113042677
5406.1,681.6411021803284
9227.1,852.9795566139996
6309.1,555.2165853510971
4048.1,728.4585246462942
4056.1,930.1030733885825
4259.1,403.2757646284422
4056.2,935.810640310857
4258.1,148.6120720007461
80854.1,632.772601835585
58508.2,575.4782570258739
79723.1,605.0491612090224
10919.1,241.57384224037273
9869.1,631.3321533568964
84444.1,467.81306923335745
83852.1,960.5439139379567
6839.1,591.085290051254
10919.2,494.54132750045363
79813.1,236.52498505216272
58508.1,639.7389325419791
387893.1,327.7919013189149
4124.1,20.96946758972192
4122.1,501.28773338918006
4245.1,422.74859859879604
11320.1,387.8173037113291
11282.2,711.4862783554697
11282.1,719.8853908392337
4248.1,410.5699537847567
4249.1,82.55291340463936
4247.1,237.79683479496344
2954.1,509.57739090781763
2954.3,916.0581934108328
2954.2,141.22653537814628
2548.1,35.72825714470633
11253.1,172.61342448557406
56922.1,386.5226331991474
64087.1,109.84266241230247
23417.1,270.70878315271415
27349.2,106.92639287135326
27349.1,185.24155140686045
4357.1,705.3800950662783
4191.1,859.8651727623937
4190.1,458.97272728017066
4200.1,702.2735957038881
4199.1,34.1918390346728
10873.1,363.8544264428517
1557.1,630.8820847049034
1543.1,779.4655961670863
1545.1,277.2574406587049
1544.1,602.3302146957661
4143.1,665.9720928073716
27430.2,474.3293848928664
4144.1,332.0963803829924
27430.1,23.51734965911859
4548.1,843.1423940550924
4598.1,187.20241536435014
7841.1,978.9498204951979
253430.1,888.336103200882
3635.1,510.40831983548105
8867.2,716.3611701494362
3636.1,758.3957869793215
27124.2,842.6467610067697
8867.1,124.41111448374316
27124.1,924.6378439256248
3633.1,570.9819641081004
56623.1,640.7881569256631
3632.1,61.19040093750228
3628.1,185.99611403190704
3706.1,848.4925927771961
80271.1,994.332574224595
3707.1,669.5509094402028
51477.1,385.3874081329183
3631.2,462.2853095827863
3631.1,988.665048780996
8821.1,160.9633057225394
2595.1,430.90137352190857
4121.1,548.096228492619
57134.1,427.85428903490094
10905.1,40.22568310034026
84693.1,202.46361684524553
4594.1,38.97303854155584
116255.1,69.16268327189943
80168.1,835.6363364485616
4507.1,742.0787952159941
10797.1,209.5187044264804
56913.1,782.0796619320425
443.1,117.57443058560158
91703.1,154.15203142753106
4668.1,109.13608444392948
9498.1,37.89026869832944
57282.1,909.6023014433464
6528.1,288.2188620546957
481.1,197.2158742132013
478.1,258.52551808380906
477.1,638.1610051239048
23439.1,842.7548569862753
483.1,119.27161717945641
476.1,828.970254210023
480.1,59.552110763576685
482.1,547.5495254492787
6548.1,521.9988929406272
6550.1,707.4740170557873
6549.1,136.75145030551104
84735.1,725.2550288868704
55748.1,980.4077772132277
6559.1,304.525614882494
123041.2,468.64739017093115
57419.1,370.42663950976805
9187.1,531.1333418944666
123041.3,946.6358624941446
25769.1,978.051550596682
123041.1,405.53115792869045
124583.1,727.2478715913956
79077.1,844.0307713016745
9583.1,287.3707049911326
1841.1,438.72516016165173
4832.1,736.6949509201304
4831.1,929.1897802708454
4830.1,159.6052694190902
10201.1,202.77507211755648
29922.2,523.5790245236286
29922.1,609.8447384447039
4830.2,501.139891346218
4833.1,566.5575967982784
57127.1,776.4933582379001
6005.1,606.1707477027242
6557.1,293.80480668090496
6558.1,951.4989666667865
349565.1,32.23149711005984
64802.1,817.0325852367039
23057.1,33.40658656099981
23057.2,124.54044733400642
10135.1,378.03188801477984
4837.1,638.6394651820727
5409.1,867.5305509179888
4846.1,971.9465904197241
201288.1,495.1298691168663
4842.1,902.9969527585986
4843.2,34.851951071836616
4843.1,229.36636781915098
645740.1,156.3089668083861
4860.1,930.8271259602415
6580.1,675.4322832524975
55808.1,356.70748672813176
30833.1,895.6225523975963
5251.1,571.6114362193995
56953.1,846.1211923407161
4907.1,162.1984325200628
3704.2,635.8304442719264
6476.1,109.21429464795175
5009.1,375.8095843591208
5019.1,654.9336825144717
64064.1,286.2689780351555
1629.1,427.5810102787527
594.1,138.07889036148939
593.1,469.17401932707094
594.2,660.2872701533411
26873.1,500.96322579696016
4942.1,734.4477633128057
7372.1,585.9639423416979
1836.1,263.3886144830234
10861.1,215.12878979999047
10861.3,278.6038555931703
10861.2,620.1018949295833
1811.1,195.33950909304664
1583.1,594.7910477640219
1584.1,258.5238257000998
1585.1,903.6138876386664
1586.1,89.82464788869648
1588.1,962.603567301075
1588.2,911.6385712680685
1576.1,328.3093525952356
1589.1,913.1193654879874
1593.1,34.68716321195451
1553.1,865.9234486289328
1548.1,750.6957023577781
1562.1,251.71944915885283
1558.1,554.0432544892739
1558.2,972.3056468647563
1559.1,727.9823062963588
1565.1,954.719020672421
1572.1,540.8125991799283
51302.1,413.9940372971133
64816.1,328.45259406896605
64816.3,812.8897934869947
64816.2,857.9402778040833
1577.1,521.1078288806115
1551.1,886.8305847816389
10858.1,400.9100311166046
66002.1,782.4038381199994
4051.1,255.7958157921051
8529.1,851.6308120295911
9420.1,968.6001032190165
1582.1,879.5074929819804
5831.1,387.00977221222547
5831.2,657.671095442364
5051.1,771.334146367914
5049.1,809.8654779607144
5050.1,281.2386713565491
5048.1,269.92134696021435
7941.1,725.9886766280752
347734.1,879.8749296359968
57194.1,697.4447484278298
5338.1,693.6301797574472
5337.1,351.6907793152805
130013.1,636.473369653144
5352.2,378.1226138532036
5351.1,18.1597575074973
8985.1,453.016158168425
5352.1,694.0268200503017
5091.1,864.0378599473962
5091.2,833.2591910085106
5244.1,211.7119112864359
5244.3,127.92786171605873
5244.2,632.5763421274743
5139.1,915.7310930478033
5142.1,935.3845273133068
5151.3,312.09491701049683
5153.1,184.11548730940737
5150.2,846.4480573811197
5143.1,167.79545216807006
5150.1,916.3648952827642
5137.1,740.381264158116
5144.1,492.06915896812643
5136.2,210.11340249781205
5140.2,943.7909082938817
5151.2,885.8417408758318
10846.1,660.6728610077894
5151.5,128.50875988154436
5140.1,515.5359342189398
5141.1,16.065186640704937
5138.1,379.96927912358893
5136.1,994.4312524628617
5151.4,377.77941047413276
5151.1,536.0975846423372
27115.1,898.6727387216591
50940.1,496.3695052775976
8622.1,605.9612529186511
5146.1,473.52715566293034
5152.17,770.463791805368
5152.6,133.0423705800209
5152.11,564.8730616693688
5152.2,994.1993558053398
8654.2,995.7128901565114
5152.10,256.03181730580684
5145.1,786.6698701718851
5158.1,446.66890247358845
5149.1,86.22299792837423
5152.12,172.31986928045052
5152.15,650.2169099298161
5152.5,845.1633370574747
5152.20,650.8179112321731
5152.19,235.51143232774476
5152.16,874.5206100594453
8654.3,218.0624312919683
5152.14,972.3234618779682
5152.13,168.7517829994631
5152.7,704.3448319829256
5152.3,912.9677808468432
8654.1,510.45150869068505
5152.18,67.22357565186564
5147.1,449.63854692323264
5148.1,801.1925049572287
5152.4,624.198310149719
5152.1,560.3545048618971
5161.1,519.8860437627176
5162.1,216.81301200319712
1737.1,826.4630986946892
5160.1,402.81016389744195
55163.1,781.8792024140847
10396.1,915.27662452715
5105.1,820.2717097026374
5106.1,919.3374545399139
8310.1,354.27831255188596
10400.2,80.20268346395022
10400.1,634.8420181094724
10400.3,353.1654285531341
26227.1,139.6922472692758
5730.1,179.9144085424236
27306.1,194.49494638857652
80142.4,345.4710584949517
80142.2,245.840465400182
9536.1,894.2444451809041
80142.1,958.6157199794433
9536.2,573.8893812578955
80142.3,518.6271901220871
5740.1,467.5520894968916
114971.1,837.3774660302419
9489.1,221.83366891164894
5743.1,420.86241934844594
5742.1,482.284735522384
6898.1,673.4476751031392
5053.1,605.7472643572156
5264.1,696.277805114357
5728.1,241.81900857776498
8871.1,215.22885439047147
8394.1,739.2358021852325
23396.1,699.1514093873637
8395.1,823.7214286842116
55361.1,192.2769326832923
5297.1,345.3771087514426
5298.1,82.61674061459628
5291.1,744.5237881008358
5295.3,766.1941081520803
5293.1,375.65285400609446
8503.1,640.352710980529
5296.1,705.153182507692
5290.1,228.35952859840916
5295.1,160.26974495375737
5295.2,459.2808357130767
10870.1,486.1291405437355
5294.1,664.6829568353141
23533.1,897.954331331412
4952.1,16.758729131917885
4952.2,643.6283599798261
23236.2,790.6064727382422
5336.1,890.7214293882038
9651.1,661.7627122786873
113026.1,204.2566479712659
89869.1,769.5338443808977
84812.1,769.3226578539454
5330.1,712.9075034103294
5335.1,728.8653718969108
51196.1,945.9660922188837
5333.1,470.74536107281466
5332.2,403.2477270944166
5331.1,413.88915763615347
5335.2,779.4555624487822
5334.1,695.749926827815
5332.1,634.1584307286086
257068.1,446.9333275195374
23236.1,314.3164001349954
23007.1,970.6941986456469
5287.1,296.62669607084797
5286.1,514.4573529030504
5288.1,596.390162654225
200576.2,972.9902995846655
8396.1,739.9612583534018
200576.3,42.740595320006506
79837.1,566.8176526203147
8396.2,14.431517442763068
5305.1,697.064348272764
200576.1,968.8520464507455
5289.1,963.3132858542373
5279.1,879.8720156869554
51227.2,797.6407133276667
5283.1,109.90628506990956
5277.2,464.48948752245377
9091.1,603.7208860702572
51227.1,847.4978164720188
9091.2,216.55059448023795
5277.3,937.4406755751601
5279.2,591.1715542320909
5277.1,734.3083914982803
51227.3,558.3326285011057
8398.1,467.8448756148929
5320.1,525.2638791981722
8398.2,368.69728684903913
81579.1,307.7803948776617
5322.1,659.8777878515086
64600.1,107.89239402823766
100137049.1,818.2561316121584
123745.1,639.732247000672
5319.1,553.4659765676768
26279.1,467.83761012261374
8399.1,543.1705202786641
30814.1,951.3218116835722
60559.1,506.7114312207379
28972.1,847.6358392050762
90701.1,373.89217994925036
9789.1,738.9479788529717
23478.1,47.94393644754702
10654.1,104.30297654978304
117283.1,736.1936203666024
9807.2,255.65027915021147
9807.1,52.08564043427398
51447.3,623.57646123779
51447.4,152.78648235745138
51447.6,479.40098035969277
51447.5,512.1880153018477
51447.1,934.3631745916946
51447.2,810.9610910944899
8876.1,437.7201591446244
8875.2,51.326497403470206
55350.3,722.648250036575
55350.2,166.50633102737223
8875.1,668.5355835380481
55350.1,414.7790611943657
80025.5,243.29041781783698
27068.4,469.3527695654529
27068.1,93.329833666034
27068.3,193.53064534590308
27068.2,532.6865707683578
8612.1,120.81153343372199
8611.1,739.0652951992365
8613.1,893.738264756247
8611.2,360.3037250659797
5096.1,570.6788613206922
5095.1,793.4915373646226
5498.1,782.3954721023541
8288.1,101.76743887204945
9588.1,891.7404426418142
4353.1,162.1482173380649
6820.2,921.0728748397058
5625.1,709.7421431441729
5033.1,561.6994409013085
5034.1,660.9880612907623
8974.1,815.2163748126432
6578.1,273.0876756348331
23761.1,352.6143918229933
9791.1,770.6921371739854
81490.1,728.459598220129
10965.1,555.6176759801338
10005.1,412.06407414562796
10005.3,182.31081694343476
10005.2,459.135497157291
122970.1,458.8635143099774
5805.1,377.5202742790185
6303.1,829.0310061676652
112483.1,220.79441985872592
8566.1,555.1030490832185
7378.2,298.99202116132767
151531.1,494.921090543317
7378.1,526.3387479138378
2944.1,721.6816398303729
2944.2,464.7123065367511
64080.1,340.2261140761802
5959.1,922.6437696694355
8608.1,200.23778021404854
157506.1,788.4569396875712
112724.1,956.9771689960656
145226.1,313.26493037116023
51109.1,106.57251883081891
195814.1,994.762000425166
57665.1,655.4638604152598
50700.1,762.896754435645
8228.1,215.8610374992899
113278.1,659.7669926298915
54981.1,43.35548284934858
6484.1,454.96590781867263
6482.1,699.4013974486002
6483.1,62.24819632161044
6482.2,699.8832119160228
6487.4,414.20238532514225
6487.9,281.5501856679875
6487.11,595.0899911505187
6487.6,488.986173911259
6487.7,614.2122474705333
6487.10,719.7403085593754
6487.5,714.6329913058375
6487.1,235.95655292456232
6487.2,594.4296066211224
6487.8,411.8661416969812
6487.3,82.95786891077296
6480.1,768.4421092510065
6480.3,612.9482586240265
6480.2,996.3572699188369
10090.1,198.47551224012534
9653.1,502.2736990090002
3423.1,915.8930209141067
3423.2,861.503641301074
9957.1,230.53342112202193
9951.1,910.2346453117968
222537.1,513.4551373592656
9956.1,459.9692097671953
9955.1,977.0426225730097
9953.1,764.9389308741357
64711.1,497.5386859712542
113189.1,937.4323572264279
50515.1,817.3818379312927
166012.1,644.6618158538415
55501.1,981.1268509817929
411.2,979.3328507658322
411.1,451.87969273407214
23563.2,420.76439069683937
9435.1,460.09562399300995
23563.1,822.2873465074819
10164.1,562.9434424972789
4166.1,529.5971199344252
8534.1,223.7702234805755
9469.1,121.14756593326041
56548.1,433.3375302200261
266722.1,786.0910515478295
9394.1,828.0681172021991
90161.2,351.31708460412966
90161.1,70.90252849464126
2799.1,299.6231416083155
10157.1,512.7448756422086
118881.1,393.6810466030521
3176.1,378.31481384590035
1757.1,208.6586530008558
81537.1,957.3624519392145
6652.1,212.2991769426756
6342.1,453.4071970897858
23382.1,480.181093840852
191.1,242.42339502542285
10768.1,957.3676302368742
10768.2,295.7625284864358
51540.1,702.1134324084633
1491.1,581.5810657485346
1491.2,281.95592980920003
875.1,623.761666727519
22929.1,709.5511512746875
22928.1,760.1200577347254
6561.1,529.8055739638412
9056.1,598.9706885353511
10558.1,499.1713378367532
9517.1,461.9510394051201
55304.1,684.1939751784882
2098.1,4.547625088845479
8879.1,436.3902150546478
4759.1,171.33771257032924
129807.1,702.6690373550749
8869.1,560.2780721882338
56848.1,635.4351631713834
8877.1,981.6063979170694
130752.1,372.5408017872965
55512.1,571.0808948461055
55512.2,120.23593895290593
339221.1,725.3838238983091
55627.1,139.16832355652525
6609.1,996.4089041386485
6610.1,674.3660121689918
259230.1,843.226363857766
115111.1,238.6806138815671
115019.2,994.2637752889495
115111.2,892.6867366255425
116369.2,667.084996928903
284129.1,563.6881983427305
116369.1,895.3226282349023
115019.1,838.8687668935431
26266.1,982.9966301091374
6646.1,37.11558014954974
6649.1,47.79547331039502
6648.1,665.4952582972236
6647.1,184.7338604453379
6697.1,877.8790344344764
6611.1,854.9228438214933
6723.1,50.52556221754991
6713.1,509.22071716281033
2222.1,982.7640033238595
6715.1,703.2754478948538
6716.1,22.894575981926682
15.1,905.8528647230903
11185.1,648.2642088569509
6532.1,703.4914779283434
10402.1,367.4737156143461
10610.1,255.3450773357358
256435.1,361.91542127540765
30815.1,559.6866979715566
81849.1,985.6007758155134
6489.1,736.8935574169795
29906.1,63.19938290927871
412.1,822.2121297372836
6389.1,630.3087268099245
6392.1,959.3359275764416
6391.1,323.7505622378551
6390.1,197.22037334773373
6821.1,449.784477064514
6533.1,87.54176192849948
5092.1,301.7607083619434
5092.2,721.6771643618064
23530.2,385.10893810606746
23530.1,681.6525489083823
79178.1,94.62711204766313
6567.1,510.3332265168282
1890.1,699.2666424562515
55217.1,38.35548706855465
7296.3,978.0002908394773
7296.1,387.9116089416308
7296.4,83.05352714935327
7296.2,39.510822684712124
114112.1,971.4111195913662
10587.1,107.5706097474232
10587.3,854.4358564055399
10587.2,976.8889801372363
80162.1,711.3869152666832
11181.1,610.076854357224
7166.1,433.3781286895414
121278.1,542.6501925910525
6999.1,667.6558669065548
169355.1,190.3431156752577
6916.1,618.9194245593422
7054.1,705.5471732818971
7054.3,968.2050498115983
7054.2,422.6193466824907
7306.1,120.81300130097591
10020.1,805.3535395114469
29880.1,413.8821730346224
7355.1,953.3452164942216
7358.1,72.89147925014355
23169.1,880.3674094914651
23443.1,359.61952257093657
84912.1,728.7091445116349
11046.1,203.53622120579686
80146.1,408.9976088644545
5168.1,73.32490400678299
3906.1,848.1949697146476
7357.1,786.2186864228831
54576.1,324.5293876876557
54575.1,279.6369797882063
54578.1,721.193030940422
54579.1,687.6864420046322
54600.1,739.4382053286292
54658.1,889.0423742460134
54659.1,359.8554571969291
54577.1,825.2082452359367
54657.1,830.0357301331557
7364.1,820.1955768645207
54490.1,215.20763631623043
7367.1,249.52863301896232
10720.1,138.20800589696557
7363.1,837.1506610894897
7365.1,502.93550421522355
7366.1,651.953226511763
54963.1,590.555204627723
7498.1,181.75094109508342
9942.1,187.37079095205905
64131.1,151.1748002690215
64132.1,901.6795285998144
51181.1,940.1421618710157
64077.1,638.1257636659268
5464.1,463.2146897556224
10724.1,851.6519217610888
1356.1,2.649279184118663
2512.1,316.71807390148433
2495.1,619.8693717973524
94033.1,664.939121784303
1727.1,67.24312540808768
51706.1,669.5366458356867
51700.1,35.07567510730887
80347.1,791.0249863333893
22978.1,810.6539246299226
84618.1,333.4966972245165
51251.1,195.33972682989173
93034.1,461.6431066520322
100526794.1,39.700300209634115
3251.1,537.5056791267431
353.1,500.62503757803444
56954.1,893.2532198301425
5313.1,100.04344330159111
92086.1,512.0546913599815
728441.1,142.22343309778822
102724197.1,249.34040651119574
2686.1,636.5789157032817
124975.1,803.4629787886036
91227.1,311.4313623081201
5211.1,674.211076389615
2819.1,972.8346122128097
29926.1,285.0834282081797
29925.1,499.4205329358952
102724560.1,832.0510012083982
22934.1,651.8790145136328
8418.1,572.3306694163239
51292.1,546.7544496246155
2766.1,452.4603791314443
57571.1,773.5873049789885
8833.1,305.8251680053704
11332.1,359.10712569859135
5538.1,622.6505618515124
641371.1,883.3331659961594
9374.1,416.2409195719374
55825.1,10.850507189626708
51102.1,355.8074090591479
37.1,347.7023515746427
33.1,296.64794355498884
132158.1,81.13962294232851
60496.1,496.61489406702617
641649.1,670.6731269956374
93100.1,701.9738050156545
23475.1,556.7970172077685
50484.1,472.60756341023205
6240.1,284.1973138740342
6241.1,582.1727618274659
79966.1,165.8597135995915
10588.1,7.145134792486845
84890.1,716.358177731176
79646.1,5.998246354798058
80025.1,36.62578434455257
53354.1,276.73145540736556
55229.1,911.3104285214515
83594.1,863.2765304104819
7263.1,232.35152499870424
60490.1,480.2625971803054
29920.1,792.8841265868033
7389.1,49.03035753244857
1595.1,486.4579399964047
130367.1,800.6722862601283
10478.1,173.67902079883154
64240.1,580.5258258708386
64241.1,819.7214210343643
284111.1,363.6738332422757
213.1,262.4503249666599
12.1,26.159371386429306
5265.1,348.8646378020828
338.1,963.3426687495705
4706.1,47.58572743361201
341.1,84.12520002233839
344.1,370.66050651289885
345.1,798.9907921099904
2243.1,517.4508589185257
5340.1,76.79348776410922
2147.1,863.521639909648
7037.1,477.7522097298722
348.1,985.1418827285357
335.1,928.4215451029338
8435.1,225.52464699280935
3988.1,374.89901887741047
7295.1,359.2002324913286
25828.1,504.85519537842083
54995.1,662.4187961002119
771.1,833.9159185723761
760.1,391.9500597102691
768.1,720.3409817328137
23632.1,973.5542630891708
765.1,95.70957774255744
759.1,82.8562065229764
762.1,466.420783641692
766.1,392.15714724852194
767.1,405.0013137996117
377677.1,494.0009529505483
10057.1,821.3257177802425
6556.1,483.398778752504
6568.1,527.1100387398938
7779.1,770.4162111867234
54020.1,415.806746564311
215.1,39.28661125882584
5825.1,729.0456155248837
641372.1,171.5050207009752
9045.1,240.89740802410836
4017.1,231.01666592605065
51550.1,511.36277685633127
8479.1,475.8532194610685
64834.1,475.47871122284664
51529.1,163.83690127409525
4025.1,816.9256378914689
84105.1,115.42446246023246
25830.1,708.8367502247859
84569.1,480.88132132191186
57486.1,572.0147312673613
56267.1,680.617194927781
93492.1,424.70428962516223
196743.1,807.7438738256465
4257.1,759.1792276969522
373156.1,838.0433892253633
874.1,680.587666775361
10901.1,904.2697823618208
1267.1,136.19764945639113
1592.1,540.3726770094573
56603.1,251.50527685829346
2053.1,270.3244911846868
2052.1,67.81682353147158
10249.1,866.9533502666299
1580.1,302.75023739043763
1555.1,472.17069530307975
1549.1,381.5192127596535
1573.1,938.4523632686837
199974.1,21.782304389897053
260293.1,979.8007146350745
29785.1,180.75619629918017
57834.1,698.313794856533
1215.1,961.3348871588712
1357.1,177.16106158332562
1358.1,238.5536142530164
57094.1,318.80958936638194
93979.1,415.7577282802212
1200.1,724.0216868852278
7177.1,687.5300256071539
64499.1,350.4364897078303
23430.1,475.15057877101077
29953.1,547.2004604990107
8260.1,714.8302830513385
126410.1,680.4019206184516
1636.1,726.1077553262279
9365.1,943.8013903579375
9331.1,55.02960158695273
7368.1,426.26494662393816
5315.1,55.01885496592719
26063.1,117.14174140534237
1666.1,835.5644649442668
26061.1,146.84984204738112
85465.1,550.3370767758249
8897.1,843.7532115925129
8897.3,29.7520192117816
8897.2,463.36381263322295
8898.1,526.8491344746278
10728.1,427.6943981385954
2880.1,693.1649280896586
2329.1,226.41400270969544
2328.1,608.1456570488131
2330.1,770.7924937189567
2326.1,424.0959773619971
2327.1,279.4347230283712
9152.1,74.49679014724813
9497.1,255.67149868405858
115584.1,189.77204614787425
6574.1,215.20949804806364
6575.1,51.10593225378025
142680.1,458.76072347844314
6534.1,576.4606569879352
3293.1,968.0950270263005
1622.1,558.1639099473995
225.1,934.353133841947
28965.1,642.3185874503257
23205.1,289.6500788560444
54716.1,341.17064308890434
6564.1,808.999647282872
51296.1,172.5596570061375
121260.1,809.6903620777898
2694.1,409.18134714044794
8029.1,450.2183639440281
81693.1,970.0670409498812
113235.1,483.5828797512978
2168.1,948.4431978850813
51056.1,90.42928676494222
9390.1,295.9604782380756
5184.1,925.4517818541362
4891.1,91.63425632549482
30061.1,499.4248465373335
4524.1,777.3525730562604
65263.1,147.53212729980984
25796.1,936.347320146277
28982.1,970.4558702336046
6120.1,804.9982232073738
6120.2,33.755626296586264
10864.1,712.6359133727543
9356.1,368.4857274431783
9376.1,24.066348208491107
348932.1,222.8840485109629
120103.1,271.0642099379793
1080.1,234.08076039860686
85413.1,984.3899048739386
85320.1,747.5244758340535
222962.1,993.241040004836
10351.1,759.3112405719542
9429.1,58.60754096796326
55867.1,492.26381725529575
360.1,861.9405212688633
364.1,151.6615857343968
89872.1,810.3302897622633
21.1,696.9790341387901
24.1,945.8379230670378
10057.2,439.485723666873
125206.1,751.6711969757195
200010.1,642.1087577721627
6524.1,758.266423857283
159963.1,279.0158692566227
4035.1,410.35754978272104
79581.1,255.93149301428724
55065.1,144.979376766029
948.1,311.8794233315556
3764.1,846.462806544517
6833.1,603.2628001865048
10060.1,755.8417900266248
3767.1,633.2763452871725
5950.1,188.33251186785145
64220.1,966.7590645977778
5947.1,554.5278625649269
5948.1,839.3921284932256
2638.1,838.4850066526483
4036.1,955.9179650137405
949.1,746.8380917350039
29881.1,647.8341639394887
2350.1,288.70821715637163
3248.1,310.1310906197635
166929.1,70.67924532494646
56261.1,830.5948587553828
3658.1,313.99106110099854
122481.1,485.41909254894483
203.1,904.5022353656732
159.1,16.036769125895145
122622.1,192.7325253633257
122622.2,53.10033358437498
11212.1,46.97566815194289
383.1,619.3223143588041
1371.1,169.7194448997627
1503.1,105.39260380083861
56474.1,358.76961533615355
5860.1,296.46126149541107
9453.1,380.79469503484984
2023.1,610.4290150727671
2027.1,91.04447793604841
2027.2,97.16327233824337
2026.1,955.9115499171689
9843.1,748.0460649643406
80308.1,894.1298418240082
80308.2,315.4259195792183
7360.1,824.7241041618855
7360.2,493.82015311007103
2597.1,51.746891143580896
26330.1,627.8047435606082
2673.1,230.88994533566637
9945.1,267.104037742712
2752.1,600.5839220719369
51557.1,330.6608083211184
1800.1,839.8467078510722
2762.1,81.55160373742457
51292.3,437.1208511243602
51292.2,245.56924044333462
761.1,114.16441946836296
766.2,675.7140451256802
771.2,170.38708901770931
358.1,314.26243303872207
361.1,151.60212209360557
4284.1,494.33109506796524
359.1,277.6435281364851
362.1,752.4957853862794
3145.1,515.4435401025114
586.1,96.3873532253268
3614.1,881.6471831224715
3615.1,444.1236723721763
3614.2,518.0835889906148
682.1,872.1574052131106
29926.2,783.7852934497417
29925.2,396.7487691506699
4351.1,852.2504966007679
100287639.1,561.5254292010343
441024.1,834.491964131507
65220.1,740.4589211888848
389015.1,462.15274188
6553.1,427.1800194250063
2821.1,572.566338477391
5230.1,821.6883211664627
375056.1,758.7382687057398
5232.1,364.67835040855925
5236.1,766.2277829848864
55276.1,281.6859343872671
5372.1,665.3656890751494
5373.1,520.9588392912025
80025.2,276.2465091953397
53354.3,933.150338586716
53354.2,309.46421104295786
80025.3,705.871952589484
80025.4,868.1821467482565
210.1,793.3412569162488
210.2,140.59575914392406
79717.1,876.49870611429
58510.1,41.65138486089799
153201.1,669.3085952642396
221823.2,475.6324133212808
5631.1,504.39389059079616
221823.1,203.90385325636512
5634.1,428.8406107196099
29968.1,49.33687155106466
29968.2,820.7653219971234
8781.1,798.9372034795613
5723.1,422.9511134422316
55312.1,716.5774149850334
6888.1,959.1992595816419
79896.1,210.1508350412934
7086.1,902.2818272194286
84076.1,147.6724051336114
8277.1,784.6755402431469
27010.1,841.1229132920822
7167.1,419.5052526658487
286016.1,269.624984019747
2582.1,35.535987334995546
2582.2,447.90783135998174
6675.1,989.6671658762666
91373.1,928.150893783995
7390.1,882.8022912771333
6563.1,164.3579555926871
8170.1,208.74788329440378
374569.1,190.30897382123848
100507855.1,926.8583724576184
31.5,601.5745979166619
31.4,164.21354777055475
31.2,984.3172372851843
31.3,22.01843694695928
31.1,804.2073586884501
93034.2,256.3943502599266
55191.1,132.17224634478728
132.1,844.4472184781916
132.2,527.4197629196651
112611.1,17.93025006497746
98.1,362.91746718353767
97.2,398.55200146972095
97.1,551.0708302003345
51005.1,178.33427009822708
471.1,219.52590571015887
435.1,198.66495024907124
171425.1,680.4823787243454
171425.2,684.5086339386188
132789.1,815.465138342689
10007.1,146.31783356716213
2584.1,851.387473941461
2585.2,184.21445857711834
2585.1,836.230281332653
2592.1,561.173582195822
2592.3,263.1126263760074
2592.2,486.6121785441209
5471.1,147.7214969540383
84264.2,646.2928985011469
84264.1,338.6080197219406
3034.1,126.68267387169391
144193.1,11.003316346792372
2739.1,805.7378132963228
3612.1,850.5748913665108
3613.1,690.8681738512133
8776.1,167.78927594402484
2978.1,821.8935164994873
4953.1,961.5706800168118
5214.1,344.8225550386481
5211.2,165.9591232411582
5213.1,704.1455644409715
283871.1,394.65624430915784
10050.1,27.74716984931771
10786.1,430.6108478146839
10246.1,570.3596926444877
6569.1,3.5733270648383813
10568.1,740.4694203519973
5198.1,944.0801206279854
5315.2,347.52439127102895
5313.2,435.0045991580702
5315.3,209.81887632479325
23483.1,481.5455537632346
113675.1,114.91830296417717
7298.1,719.6766680201812
131669.1,910.2142732012768
5973.1,788.0317553220727
1635.1,117.61531447728007
286297.1,396.75893273177206
10560.1,126.80901085176569
51660.1,688.4780621195372
25874.1,747.9758284727616
5205.1,921.0546360113874
57198.1,218.2779300138576
23250.1,266.40478725357764
286410.1,207.1696534745487
5243.1,379.08992950820186
55856.1,927.362837242302
7350.1,165.24456563635917
26027.1,216.73004120783753
10058.1,531.013775689813
51458.1,74.47600529800023
10928.1,417.5361410672413
1728.1,848.3071087332181
2946.1,338.2890242517521
125981.1,758.8147894902374
55331.1,699.2551590017647
340485.1,558.0792969732721
5660.1,630.8111995886385
2760.1,387.3185500553622
57704.1,124.12574262208902
10825.1,887.6372381399756
7903.1,91.06120771425174
26090.1,449.72899312173683
6382.1,135.11263272317603
3339.1,892.5753581941466
57406.1,67.28735710922844
338328.1,588.9329512574051
3991.1,650.8999817580619
747.1,4.728383781123251
221955.1,30.772268948685294
57104.1,569.8936391458624
119548.1,232.2066106724321
1387.1,605.2743089907252
6095.1,645.2973013717261
6604.1,451.95270498398065
8648.1,206.43427178642668
6907.1,132.7875376890342
2274.1,346.02161756554665
8202.1,613.4734560988993
5469.1,975.5155503839728
9572.1,423.3146190369155
23309.1,911.9639598830792
85441.1,168.13550897304702
29841.1,601.9643349444351
96764.1,653.6016607292415
10499.1,886.9890198370725
9611.1,42.103166563970866
10498.1,742.0866560034523
27063.1,681.5150716494053
25942.1,385.40339838657667
8841.1,930.9165617047161
80205.1,303.83163997588815
79718.1,42.460856004050704
6256.1,859.235108997509
5465.1,66.61180856041261
9612.1,759.8227176811013
23054.1,506.6264307834392
57761.1,789.7401574644308
50486.1,480.5974948103313
11010.1,161.68143233240338
23179.1,407.53744057488115
27242.1,808.6762320545045
26230.1,33.77526340278143
123.1,909.6657267603068
4862.1,236.41255386733866
8800.1,796.9776065459132
116519.1,998.6293121104258
1490.1,781.6570004687075
183.1,767.2366525510258
336.1,21.60528461313404
51129.1,48.5728084933502
5166.1,620.4401763808953
355.1,905.6800513657336
6720.1,446.3737202211774
5360.1,142.28014822337218
10951.1,534.4101035386135
4547.1,428.8296767074434
5346.1,289.6690476213953
1149.1,538.2605342022886
64714.1,884.722098676482
2170.1,302.8042771074848
2169.1,182.38554305858796
2173.1,677.16006992982
2171.1,504.22347570247615
2172.1,859.5974679716239
2167.1,809.788682583279
646486.1,664.9011307196565
646480.1,347.63225510597385
6296.1,598.500018671885
348158.1,817.630288701265
54988.1,124.39007330620633
123876.1,272.2695361625443
341392.1,596.4658166769696
344967.1,694.8275372821098
8605.1,361.81450913376705
84647.1,700.0719476817864
283748.1,44.09651541199025
151056.1,249.14251363977345
255189.1,881.8318034169145
8681.1,45.815980026988946
11145.1,122.16306084635364
391013.1,397.753127563081
51099.1,465.95068631704396
154141.1,623.5575529347606
253558.1,262.30017695273057
9663.1,453.5065277173246
64748.1,477.3824453169577
9890.1,619.8430395726461
79948.1,259.7463350582145
64900.1,77.31672759335183
23175.1,243.2759716798296
84513.1,650.035627408795
196051.1,846.2113740386005
346606.1,174.82440739086127
23646.1,238.28652472279862
122618.1,874.50377414312
201164.1,491.66047446378496
54947.1,408.07962575869203
10162.1,744.7368584965375
79888.1,489.62298876940116
254531.1,147.08032859126007
11313.1,7.722088505755539
10908.1,633.2895153070052
23659.1,639.3906839046339
10434.1,716.8069685055806
375775.1,538.7407258033111
50640.1,321.26609951253914
23529.1,566.4398827253198
590.1,413.5647866346384
23228.1,927.6454169281232
55750.1,822.9051582343662
55711.1,868.8024424914781
84188.1,892.4124771297131
56624.1,568.5912066257532
79944.1,753.2723542393177
79603.1,520.2611243178196
91012.1,973.5247422144699
29956.1,842.7779213024324
204219.1,194.18727605890749
253782.1,605.727054428023
10715.1,225.33997527358702
55830.1,194.41689591166323
55624.1,35.45525699406116
55757.1,918.3612568885621
168391.1,429.68236232963505
83468.1,600.5504994270183
8702.1,523.7045098260693
140687.1,769.7587149284632
3703.1,882.5151301361797
56886.1,353.04804405886733
283358.1,797.9229526097811
8473.1,606.3117394479915
8707.1,630.999008002036
148789.1,94.99323744283491
56983.1,669.2655269010417
201595.1,928.7589322814346
124872.1,911.2354334750485
146664.1,521.3690127603721
8708.1,461.95536470851397
84750.1,785.6555596890056
2529.1,767.1705917496597
338707.1,194.95254816235283
145173.1,745.5308712196974
200810.1,317.053251375292
2526.1,494.9035180159848
170384.1,374.42503965384185
360203.1,791.6313170868858
152586.1,947.3587762558651
644378.1,403.617037505861
84752.1,831.7802583271082
644974.1,448.0166058908524
51228.1,493.3429837554382
284004.1,464.034203467308
2524.1,902.8228828075539
79411.1,461.1701560590312
27090.1,437.3945746319012
90381.1,628.442191089385
2527.1,385.3860538471964
2528.1,764.5669078514453
113612.1,350.8960255370543
493869.1,796.1496948794296
132949.1,152.42252103446015
80221.1,624.2321927398498
197322.1,226.05135174251103
22949.1,200.82673825749785
51144.1,381.8880575427821
253017.1,846.436803220017
2166.1,989.6743573735912
64180.1,768.3594134343365
64174.1,830.847251577957
11102.1,875.9758749878513
91179.1,580.9062906999849
8644.1,587.5995386595877
10826.1,893.5528894263227
266740.1,964.0682059764594
3930.1,512.6497415517485
4645.1,83.5854264731102
3069.1,5.1479314571705705
4864.1,482.9452439249671
285440.1,64.49940675189583
57016.1,147.64205163931356
79644.1,998.061102986845
1646.1,917.8017819010597
8630.1,527.4045559961089
158160.1,340.2378432023509
51170.1,997.3657807012427
8061.1,641.3371539371561
83401.1,878.6974516344301
79993.1,899.4385431439605
51495.1,808.7236236442533
192286.1,848.0380555993448
9200.1,910.994245341155
401494.1,105.68016505722908
201562.1,583.2385085243375
9524.1,248.15484079233735
283985.1,254.34239617649126
3995.1,54.88838671602217
1155.1,441.3041646585131
114571.1,322.13608129165493
123096.1,656.0808675415809
57595.1,438.0568264436399
139728.1,259.0124677964731
1852.1,950.0705697279307
6748.1,435.27259469860456
26576.1,777.569053746453
10134.1,865.4052336570014
5365.1,712.571654123572
3897.1,92.67845979745582
29947.1,785.1733313834578
9917.1,447.3509535740847
79672.1,886.022929565471
79707.1,754.1197096474275
64122.1,46.21645602300143
55277.1,473.1602696371561
55904.1,449.0724583261856
9739.1,217.71505475019998
9757.1,138.80582530526425
2146.1,819.0001854276783
2145.1,442.9081996634614
7468.1,751.4923242550052
51111.1,136.36172390827014
55870.1,5.476923089551059
4297.1,938.4709572991779
84787.1,49.109035310614445
23067.1,781.9134134061508
54904.1,866.9333119933948
64324.1,905.9347896199546
8085.1,449.78236150407105
6419.1,643.6719138637098
29072.1,465.05647884359496
64754.1,933.2124783040189
93650.1,336.3204077314393
92370.1,759.338217724615
390928.1,879.519166853053
372.1,916.7413973668237
11316.1,487.48858357389776
1314.1,12.400154642609628
1315.1,131.80341276505928
26958.1,835.7204126313296
22820.1,698.8004400249885
9276.1,266.47137783041063
139596.1,94.41167976292188
81888.1,553.9180772915029
9486.1,23.144755477427157
64377.1,470.9546425494842
83539.1,982.9002246064366
64090.1,57.10646218229555
27284.1,344.50039101629665
89792.1,547.4024944990913
79690.1,290.5060240566726
27233.1,869.7323005516446
6819.1,434.1875960194649
27294.1,182.87056033697556
55066.1,54.96931202078077
3052.1,745.9043997047467
283208.1,244.17919773576082
8041.1,539.2899701069028
8565.1,816.572040449057
51067.1,153.28179676136517
16.1,950.6136393165267
57505.1,356.7588635671963
5917.1,860.9385387269768
57038.1,150.4415459133308
4677.1,559.2123105468236
79731.1,980.7993773640626
1615.1,704.0562736889098
55157.1,899.7809650378875
833.1,694.6678457624381
79587.1,464.5678728838936
5859.1,406.2801222725471
124454.1,867.7486138214266
2058.1,6.995940733050786
2617.1,436.06360910509045
23438.1,951.6209080622738
3035.1,391.3561876900783
55699.1,619.1903457408007
3376.1,699.120213918561
23395.1,297.3427312287983
51520.1,989.6551005053682
3735.1,459.99430525499383
4141.1,148.98342070259935
92935.1,888.2707932195488
123263.1,359.7424106320359
10056.1,842.0610100008429
10667.1,992.7298729092252
2193.1,599.3542571421223
25973.1,670.9043574800419
6301.1,373.5743129256647
54938.1,588.4233298545281
6897.1,956.2606283237934
80222.1,145.28431838956604
123283.1,336.12701754219455
10352.1,849.701430027057
7453.1,717.1023657680788
57176.1,555.86516668236
7407.1,7.089553235779299
3949.1,466.3082272645715
1511.1,930.9255565555017
5641.1,57.11519135159591
1522.1,34.66643318575943
1512.1,23.65072290063761
1075.1,893.4498465202831
1509.1,693.6815063939529
9476.1,887.090986922066
1514.1,639.419643336483
1515.1,176.76878539438567
1513.1,981.5259239744573
1520.1,507.5356572026573
1508.1,791.7838356121766
1521.1,439.5193975290339
8722.1,652.4550149135487
1510.1,68.47059256964863
1519.1,815.6939307782013
22933.1,804.9715822548966
51548.1,475.0917793536535
23411.1,509.97563284775543
23408.1,828.2402337823639
221443.1,894.4835290979626
28992.1,444.22701908193636
27163.1,614.2859249435556
23410.1,745.7902285908192
55093.1,111.82110010405866
123803.1,226.2416973686541
140733.1,557.5177445301181
51547.1,147.67359987027208
58478.1,864.0695559999892
55256.1,16.917957540157598
259307.1,900.7051434721465
51312.1,238.1515170119918
81894.1,651.452251988949
51601.1,19.80016489040965
11019.1,785.2146737542008
387787.1,963.863466768738
9108.1,994.6294639247097
29085.1,775.507528702934
55613.1,712.5386450505138
23371.1,287.0960651645492
51559.1,987.1746673891574
9896.1,133.24913584256228
163404.1,171.29765435524254
51496.1,353.0551287312549
374462.1,88.22278981446982
9107.1,824.893525987018
8446.1,640.0092998536916
138639.1,426.70057593008465
84814.1,31.597300693583552
64419.1,209.11891483699043
23203.1,962.6461821172949
22876.1,509.0306251791158
403313.1,75.20371202657881
22908.1,919.526873577229
145553.1,21.82811553299813
9562.1,876.7441822563359
3705.1,783.718786484465
138429.1,807.939308223562
55821.1,533.8882445179078
10170.1,344.00268706291297
9249.1,750.2226901873595
158835.1,658.4245242272426
158833.1,498.38313472114515
221223.1,180.2955063099851
23491.1,188.26383312256303
1066.1,653.6742957803531
6121.1,33.582989559414045
79799.1,824.6572429017966
133688.1,499.95505801954675
167127.1,29.144903454310825
10941.1,341.660108788231
4282.1,765.162827590596
220074.1,832.6383403217527
1735.1,780.1318379813282
1734.1,84.98292325086254
1733.1,620.307978400567
84274.1,233.6045466574513
51148.1,863.1336065089682
79709.1,830.7043775671697
23127.1,500.4616733150445
119391.1,778.9097392043606
2950.1,776.4250100926319
2953.1,103.15714263570001
2949.1,960.305780206278
2947.1,194.412995448457
9446.1,981.6729537355695
2948.1,475.61473975509415
2941.1,331.42494233095886
2940.1,676.9742552243838
221357.1,97.3744074756803
2952.1,404.251076064647
2938.1,322.7987633317827
2939.1,295.25715906213
22977.1,546.1125893404895
4337.1,664.3351105239583
4338.1,308.7057170788238
10243.1,323.6995559043559
5980.1,79.08899171658099
23649.1,491.84289390497776
10721.1,176.49632983993655
5424.1,700.0917667434426
5423.1,17.51304034625854
10714.1,921.2736646316594
5427.1,918.0116149898008
11201.1,216.003286896876
5422.1,887.2577781518904
5425.1,435.47200044080915
5985.1,321.2250193427656
11044.1,659.7601625566745
56655.1,634.3004949744878
51426.1,430.10923826425574
27434.1,405.8611771632973
353497.1,407.25932960804124
10514.1,265.8293296518645
5428.1,83.29769710237231
54107.1,864.4442143662694
27343.1,872.3191636690442
5429.1,728.6350775268238
57804.1,293.9204323635814
5426.1,350.66514009652764
11232.1,921.3234732728728
5439.1,260.62379540973143
55703.1,486.0253953391217
79567.1,184.3037543500815
5431.1,210.2224025833212
55718.1,387.0519860971033
30834.1,734.4988402944765
25885.1,757.3336614529217
79670.1,214.22329042731923
10914.1,773.8380747945731
5434.1,247.81219659479206
5442.1,164.88712488217126
5435.1,87.6694991485574
5432.1,944.7420175219464
5438.1,702.5016160015462
55149.1,345.53459501365035
10622.1,991.6884594582516
64895.1,641.6163016766642
84265.1,321.8478033793174
84172.1,370.5947930171127
10621.1,990.5656328737841
23318.1,774.5040131887689
64425.1,715.4929718110079
5433.1,56.71362793711685
5440.1,778.0720820250026
11128.1,266.523931818671
64852.1,991.3180330821369
51728.1,843.3309532448194
5437.1,589.1205920498693
167153.1,88.07836954989838
5436.1,215.46959244906236
661.1,176.72947544612188
9533.1,257.52916206759147
5068.1,699.0052481384276
5441.1,527.5396887451018
5430.1,286.95246051674206
10623.1,218.63516907305143
51082.1,782.5585040958204
56903.1,71.58457238532303
87178.1,60.283861650820334
5810.1,655.4025249053986
5883.1,631.1051937001453
11219.1,53.25775802690594
11277.1,367.72323645077074
100529261.1,916.3407891848698
2339.1,577.6163192514754
2342.1,802.0206354896076
23463.1,254.09772143186825
51449.1,101.42361990322611
100996939.1,586.3394151931387
84992.1,341.95063132490645
2822.1,26.90217514275126
79868.1,530.5911802275995
199857.1,118.67944354501365
440138.1,449.58597968849375
79796.1,223.37559770967857
25834.1,342.39620771673304
133121.1,492.9105762773001
2268.1,407.9574020910297
4145.1,951.4987531107747
8798.1,594.3412095573977
695.1,906.8359275688438
2534.1,659.1415648416698
1195.1,26.795773627471977
3645.1,74.53461240805032
4593.1,793.4037747010523
5606.1,913.3169719867784
2324.1,754.0079457396878
2042.1,987.2947055363219
6098.1,274.9959834320611
55359.1,600.5242591000324
10188.1,277.85793109123716
4058.1,60.543826241930546
2065.1,48.95392536626235
6416.1,461.4891592088652
7075.1,892.3688065692378
2263.1,882.6745776490375
2261.1,757.7572539766976
10420.1,145.5315413900566
2046.1,815.5707364196273
7294.1,50.78327496883708
5609.1,260.7766677139889
2260.1,18.054348425178116
285220.1,550.2801029428629
7301.1,48.31112674482332
3717.1,839.3974458366463
25.1,146.98116554473629
5753.1,489.73847142639914
3055.1,785.6924344260885
660.1,580.0778506840878
2321.1,568.3571381150598
1445.1,29.573756030860043
9149.1,696.670747197087
7297.1,774.2094967772222
3718.1,308.59552599579786
4233.1,9.847158423262865
2051.1,673.8754890305389
7016.1,379.8105773059167
5608.1,24.404529476445497
2444.1,982.9012754094216
5754.1,251.77565379674388
7272.1,946.6173785525004
57396.1,276.30993190864365
3702.1,214.07728500181798
5159.1,626.1946726350604
7535.1,664.2483262405599
2043.1,282.09962648022406
7010.1,780.8280479030564
2185.1,630.9422706414817
2322.1,304.73147872824626
6725.1,983.9758826228714
5605.1,310.9997386077599
8445.1,622.1796893320544
3791.1,273.30520901728966
2048.1,528.23292862822
5156.1,753.1655236433174
2045.1,693.2727947731179
7006.1,75.18082980435335
640.1,894.0207695784366
5607.1,35.461666331719734
3480.1,401.15852654643226
4916.1,406.8781639407259
2064.1,955.097842348614
114783.1,354.6360047568749
1969.1,928.5021829289193
27.1,116.25349883062346
8444.1,572.8253959268471
2044.1,783.9122654801323
1956.1,886.0324291804368
2041.1,426.24746318620294
4915.1,808.6611201374619
2241.1,693.0944489020404
10461.1,578.0944498114059
2047.1,458.49774325814445
3815.1,902.7828805574849
1859.1,482.57260244202143
2264.1,779.8910152146409
3716.1,694.7685368917446
4921.1,37.82957198182415
6259.1,82.4903862490377
4486.1,576.7159130662144
22853.1,713.4337358643257
6850.1,909.609413817598
5979.1,550.8173645694887
558.1,490.6999929083466
84926.1,423.4766670823473
55872.1,112.42276074508678
5604.1,122.84372001607025
4920.1,529.5764411295883
5747.1,892.5937371122966
238.1,511.7475739156478
3643.1,47.515007916691445
79834.1,977.2953814547199
8711.1,179.07693257469916
7525.1,789.9035466950082
1196.1,806.9061884085613
2066.1,791.5932412166783
1198.1,169.070445692533
157285.1,155.6898340083198
2242.1,508.869905723623
1436.1,442.4822356469754
2049.1,674.4682353368846
3932.1,129.47120259586225
284656.1,480.73725223635967
4919.1,567.1840180577482
2050.1,725.737899878267
6714.1,827.6976454286951
4914.1,848.5309519334796
780.1,644.0328988259876
3640.1,324.16660061563795
4067.1,244.40024537461395
5798.1,930.1089971131314
10076.1,244.44770570084557
2139.1,763.8192095237177
5774.1,575.4654025398082
11099.1,226.5928475152888
26469.1,124.8027811030944
25930.1,27.16401472771625
8556.1,263.40800925186215
51207.1,683.1797042125341
5794.1,706.767211009362
5788.1,804.3934803258251
8555.1,738.0477510401711
11266.1,436.6549391614225
54434.1,204.59475835540508
5775.1,988.2527796141309
1033.1,466.3516373025886
994.1,124.34592590995288
2138.1,169.7739074005418
5802.1,906.3314406011829
5803.1,8.850576234165345
1845.1,809.2660728987144
84867.1,892.3506011886152
80824.1,233.3813558491406
5777.1,423.61780053136096
7803.1,786.1914800905024
2070.1,904.5509822821602
7957.1,655.6448464956344
56940.1,443.6746181512926
9829.1,42.61891480840419
1843.1,166.35222040120476
1846.1,269.15042055665253
5787.1,725.3017087624339
5782.1,483.18705163380326
51657.1,889.0521133607078
5791.1,882.8293100099233
5786.1,652.6808167263883
78986.1,983.3214912002991
26191.1,125.38137226153184
1847.1,590.0518690479461
1848.1,450.093205286942
85464.1,544.1283291105774
5792.1,72.95457786163178
11221.1,738.6835013181565
5778.1,168.69651462697797
5793.1,847.3394165322677
5795.1,939.1442375422084
128853.1,241.59138987706817
5800.1,125.03773665319068
5784.1,178.25072192655853
5796.1,846.6440852113853
5801.1,11.353916327135117
5789.1,883.1211190383412
5799.1,958.9472557359048
1844.1,889.8511385299951
2140.1,565.6253293839188
995.1,98.08940141295818
54935.1,282.5506823500349
11072.1,310.4194610860934
142679.1,639.5149567538692
5783.1,394.94923725802767
993.1,105.7355918163183
1849.1,191.78752248630346
7179.1,684.5078259515275
150290.1,390.8786688891883
5780.1,626.2764761111488
143162.1,197.91686425654262
54961.1,537.4340696004965
5797.1,876.6538467550342
5771.1,168.93200279081864
5781.1,247.98711516524634
8073.1,684.8324679573234
11156.1,195.9529370194516
1850.1,293.454246000755
285193.1,145.23904781635363
338599.1,582.4900123500872
63904.1,963.1794817035559
11122.1,172.51010281572158
5770.1,786.893331647437
92235.1,407.5939248488488
29082.1,326.50977905559364
8459.1,229.07540495595595
8460.1,896.5482178204884
11240.1,730.7936217894464
51702.1,510.5455109465204
29943.1,319.92444386125504
23569.1,175.7030844201931
353238.1,36.28251160409504
420.1,959.5447398143343
417.1,363.3913833454847
419.1,216.7551173019679
116969.1,292.0600264990068
141.1,85.0716882111586
7837.1,285.70593400742456
137902.1,660.090764656583
23262.1,734.1243376690611
9677.1,287.18065432402136
2232.1,412.4832635285734
23633.1,130.39278831524584
23039.1,663.4354797154969
23214.1,854.5020542406421
84881.1,802.5945104851447
130589.1,483.5143384068388
83440.1,468.73172463117015
26007.1,493.2014183079557
158584.1,68.98166962264834
81855.1,548.8306705228349
29954.1,10.695677399041822
10585.1,68.84912321358398
283209.1,477.44776263034436
55676.1,679.7306182298693
148867.1,219.93090654166178
7922.1,259.1054125144231
55683.1,632.7405061300341
79595.1,624.3399464110095
112476.1,425.5408472298315
55209.1,309.29053198197283
8637.1,322.4851949066514
1116.1,28.4246027922874
10039.1,189.77093412572114
64761.1,174.4045457144508
143.1,283.33284903380724
56829.1,100.2748967996581
80351.1,1.4244389391339998
57097.1,885.6404263956441
10038.1,221.2793121971757
56965.1,157.35956960907328
83666.1,243.19751951424806
54956.1,884.2311397479308
142.1,802.8755375029275
79668.1,683.8293546503784
25976.1,660.9221427202954
54625.1,317.3954865371329
165631.1,746.0237592462045
8658.1,482.0059759867817
84875.1,890.0063744684704
5256.1,534.0193457791119
5255.1,861.5904075109308
5257.1,385.8809074295022
5261.1,79.06334319731621
5260.1,744.6738654812846
801.1,803.7538441422465
9099.1,509.7045083798444
57646.1,765.3728877820604
57602.1,415.7907712157938
8975.1,300.10431404045295
55593.1,942.4694289231795
23032.1,376.8365605408177
1540.1,758.7331121901974
55230.1,574.3421607722103
84196.1,4.653774559461289
9097.1,806.6040421095913
8237.1,647.60923667109
9100.1,580.2964753959546
57478.1,38.80525870998738
84132.1,830.6098902026313
64854.1,365.06071388931906
8078.1,546.3777477084677
7375.1,532.3744760479544
8287.1,301.6600797000302
9736.1,505.98049913618587
57558.1,610.7760570283214
85015.1,709.3511266836153
10617.1,105.11168042668896
23326.1,585.0156351224024
8239.1,962.508859531961
9098.1,539.3019491682636
57663.1,134.63513551389016
83844.1,854.7671965494773
84749.1,583.8849854301722
9924.1,12.580316721988256
9958.1,159.7940391964801
57695.1,935.9297900063594
84101.1,208.49170138978002
10868.1,144.8365616050455
57559.1,688.7522038407124
9101.1,434.9247145984722
9960.1,238.72628209353368
27005.1,58.907029942189354
219333.1,250.43487975429824
124739.1,656.8307787356392
29761.1,88.18201438091695
10600.1,645.370740544165
373856.1,545.0003709539011
23358.1,372.15228857531037
7398.1,159.4200480315102
25862.1,865.3883168273477
84640.1,629.1023700451633
55031.1,854.9651143391632
84669.1,150.22887125135236
10869.1,295.946329576073
11274.1,283.8101550151434
7874.1,955.6696835757235
377630.1,323.96146856800215
728386.1,763.1476165938927
728419.1,940.9817070215072
158880.1,819.6505259377856
100287513.1,128.76193071000478
391627.1,654.0561266305333
23072.1,566.1708449194452
23077.1,21.063123419981842
29116.1,632.1818113777639
9690.1,442.8866902663906
54476.1,152.3255032577262
55148.1,342.5956956026635
9604.1,899.021687188462
23304.1,658.9507735782284
55236.1,806.6723055220483
29128.1,247.46217131918493
25897.1,944.0104182236482
23327.1,670.0569398894162
4734.1,89.64339349886735
55658.1,920.6004079483654
56852.1,423.1939020604563
6596.1,524.1857849899292
7321.1,860.9331323838605
55743.1,975.8116614033631
23609.1,532.3422032933383
29089.1,676.6420617482854
7319.1,377.67235058626795
3093.1,850.3206782798421
83737.1,192.92206259328665
51619.1,931.8876779253554
4850.1,458.78349165031375
11342.1,975.9220715756952
57531.1,952.8677814523969
10075.1,149.65071818285665
8315.1,719.1964031317876
79594.1,274.7609783447298
55072.1,75.07891823947053
25831.1,25.567997877002508
51257.1,634.4316067360571
997.1,35.77542162534824
57820.1,643.3419330061892
54941.1,357.6327234479004
57534.1,273.3278230733352
4281.1,563.2572712885701
389898.1,965.8336945502358
23295.1,975.6991022646655
10273.1,969.8467211992452
7329.1,653.0018888600863
9810.1,139.6077077738662
8925.1,175.79587437587685
55284.1,591.5256816985955
51366.1,495.0375654023776
79872.1,800.6862163662533
4899.1,12.223044958473874
54926.1,756.6834573349641
9148.1,290.614144817975
27338.1,146.14441937200056
26001.1,749.0675024089036
64750.1,186.80094238760947
7323.1,153.1604583516829
27339.1,440.51389776667054
9354.1,605.12774672955
867.1,718.9099324663749
9025.1,582.610389043597
55819.1,670.1381657368654
7337.1,280.648921572887
868.1,866.1023667473762
55120.1,74.17847780116911
57448.1,357.6404016549514
127544.1,255.20521175877644
81847.1,659.3940229809796
7320.1,851.4260546345253
22954.1,388.17340753685846
6045.1,253.71766103364942
27246.1,500.19686549531497
5930.1,890.982954274558
11059.1,964.1007255733292
79654.1,625.6032856920675
10054.1,317.89270853909585
23352.1,865.8806019928371
8924.1,521.3301323950517
9040.1,968.94447796595
10277.1,702.1877853411555
7317.1,755.9780584879921
7322.1,629.4369920746415
84231.1,771.7741917273981
85363.1,735.5686667330895
7326.1,505.0574194498468
79589.1,512.5889587763697
23608.1,923.0383794331797
51444.1,851.7532876923979
4193.1,989.3203124663108
64844.1,153.44936299878526
255488.1,298.67508368313486
580.1,493.54145256104806
57520.1,483.0319219539472
8916.1,578.1169808948681
91445.1,303.6983303936556
92979.1,94.45497984380546
92912.1,614.2899454661797
10055.1,864.9622341523118
23624.1,947.5816442091149
64326.1,926.5811606595048
130507.1,836.9647426471402
57574.1,784.5967361558787
9039.1,312.9149941201834
55016.1,55.72578088535829
10299.1,662.9930278497708
154214.1,36.90939071185427
257218.1,950.2107088146358
115426.1,769.883507150821
90678.1,801.6372502190744
26091.1,927.621585930296
89910.1,927.2062953513473
9781.1,877.5678801942704
9320.1,457.98456276375873
81559.1,657.0762492071674
57630.1,142.1920016420466
56254.1,735.6741128492857
153769.1,392.3359181735135
9246.1,709.6806995407461
84676.1,186.78105260524507
65264.1,157.77995775083008
197131.1,610.4573587241754
267.1,748.3446476413286
118424.1,455.27387015474187
55585.1,785.7770540278045
84447.1,381.2483158393502
151112.1,896.4482627093431
284996.1,469.9849534699168
64320.1,107.67332139818197
25898.1,498.0352036262115
63891.1,592.9788299611622
285671.1,833.3742667479162
143279.1,824.9382774405851
220972.1,83.88780703150196
5896.1,997.8484425867575
149603.1,227.83062490037304
55159.1,921.465975183233
10477.1,663.0754686112326
7324.1,151.46939505245058
11236.1,373.814919504535
344558.1,451.9188375195582
162333.1,11.891727115048376
115123.1,542.423905136591
11065.1,504.31154193497287
158506.1,32.33472675489243
63893.1,934.6928789357484
220441.1,138.8404775351189
148581.1,177.8326942180711
7334.1,935.7918914033644
7681.1,957.0802851624152
223082.1,953.6179910992657
221687.1,16.714368348862017
64219.1,281.32627904768856
6478.1,632.754750961273
10193.1,685.2301819895039
7318.1,168.20736101075514
7325.1,541.5504536130635
7267.1,961.060489478346
441061.1,149.22888089448873
140739.1,635.4623218647864
7327.1,655.1274584133495
5071.1,163.11081179158785
7332.1,151.7374224853712
84937.1,17.559118157314032
7328.1,290.39576886927966
378884.1,197.3323307579201
168433.1,371.74026824685563
6477.1,703.7266953205745
51592.1,172.82262233300582
142678.1,760.6497046995792
10210.1,831.6742812628194
54708.1,254.73765664848312
11060.1,215.86382240811244
57154.1,412.6987915347979
51465.1,298.42494515737854
9666.1,109.14160259914276
9867.1,646.4656625262671
6015.1,56.27200736047886
6048.1,952.1748413469585
54492.1,938.3006604635785
134111.1,911.8005265013991
7844.1,273.71572804849757
2288.1,138.76511692668439
8468.1,404.0156524669046
51661.1,334.36005949008995
10450.1,184.22062623440732
2280.1,395.25961026088646
2289.1,724.6915772453207
23759.1,281.15041621185685
2287.1,777.9796254825618
5303.1,452.04536930931874
23770.1,370.20095865879097
55033.1,278.2490513551211
10105.1,227.796390286175
23398.1,181.79909945859177
4820.1,83.3695353410199
2281.1,309.56286352263714
11328.1,609.1784478729444
5300.1,546.5722076034507
85313.1,901.5120278606333
51303.1,722.37192420965
51645.1,279.27569660302134
9360.1,712.2350424147512
60681.1,112.87081512538204
10283.1,549.545434752136
5479.1,588.8839342784828
5480.1,600.9668264439382
5481.1,798.6364837522918
10465.1,817.7619170870387
2286.1,743.9791566091299
285755.1,810.2147818033799
5478.1,254.05831781178807
653598.1,947.5746100348224
730262.1,556.3420950317205
644591.1,625.4106329198748
53938.1,960.2799309187749
653505.1,19.099293513362582
4638.1,180.53526472906583
85366.1,133.93825687351702
23363.1,335.0161782719309
91807.1,104.65866134763104
340156.1,413.6174112610269
7994.1,592.0531101334739
2033.1,679.045101313628
84148.1,442.87033328689444
2648.1,882.5551607165754
8850.1,71.19717232079782
9329.1,663.7629671955565
8520.1,971.8439344701691
203611.1,124.0349408698898
55140.1,780.332708434694
9575.1,713.9985093156586
11143.1,481.57296459506136
23522.1,701.4398203272524
9085.1,423.1669098470333
253175.1,553.505393702418
10524.1,770.5813684841845
9426.1,386.5873514199257
7051.1,116.82559772506681
9333.1,361.38813663755906
2162.1,134.19178983233854
7053.1,139.37384210435036
2165.1,138.80490444907159
116179.1,677.923241384699
7047.1,698.0837875718374
343641.1,172.15124610005415
7052.1,945.3747275582067
2272.1,94.1596066443397
4255.1,503.93965251538776
5110.1,971.1216659275575
5447.1,996.0542095114283
5550.1,515.3699733871232
131890.1,868.3529056069918
6011.1,696.8065087598198
7172.1,458.3850773648682
150465.1,431.9435794937728
7862.1,88.87658060594444
254173.1,631.9400514276904
11284.1,654.1987267945257
8732.1,463.2982613455201
8731.1,318.50267223590026
23070.1,555.4994553725851
56339.1,32.20210062958655
4836.1,34.54245680879538
9397.1,715.278270617308
23576.1,63.17414307212698
23564.1,670.1106271311452
388714.1,575.7507084796355
54414.1,55.5503396254688
54704.1,99.77847291732921
57546.1,447.753704734328
5164.1,350.02609085167563
5165.1,508.05510643601735
5163.1,201.573817004083
79691.1,182.34587533135763
81890.1,115.49115399222653
60487.1,704.504280127285
55621.1,656.3532193319351
81627.1,584.2063606638769
4234.1,792.4724013834713
55687.1,468.69960096510863
51651.1,802.9692940600164
3396.1,159.44525427989987
138428.1,473.55150291710805
54802.1,101.44943771144455
80324.1,265.8983125335511
57412.1,333.4341115940878
10.1,567.1718298625811
9.1,582.2952895149332
157.1,140.91596316843007
156.1,502.99538305833624
8993.1,842.7630784596715
114771.1,930.1309648915051
114770.1,295.21577208729406
57115.1,99.13209303376743
55768.1,611.4876973078904
55662.1,716.9319611694007
444.1,11.135867601219635
10295.1,622.6652307086019
54857.1,397.6282209684101
306.1,819.8344659613721
51573.1,525.4894095902426
4835.1,212.606801223756
79001.1,920.0765990781218
11101.1,103.57361809010995
5066.1,971.7203834340881
25797.1,718.8681370585462
4482.1,750.2287040855199
4015.1,176.6410810726929
10171.1,616.4596725347863
8634.1,49.74754509969218
79158.1,85.52888667694398
51172.1,182.09992894793973
51611.1,428.5613887001552
4552.1,247.9991228607701
64146.1,174.47330955859874
11165.1,96.3911005850813
170685.1,650.8408871765942
11163.1,939.3968338110085
55190.1,515.9673701374227
313.1,997.4909648016616
1208.1,261.48498799606836
84254.1,499.3460832431316
5577.1,707.6831115024861
9020.1,250.64277655608143
4293.1,818.3722269361218
51265.1,808.6617605581914
57787.1,278.82205211368614
6792.1,206.13562524150709
57172.1,695.9524949466102
728642.1,269.5728762440405
8491.1,72.48443211630725
11183.1,118.9891830682697
5583.1,891.5202242868946
7444.1,811.9700334551809
23604.1,981.4022748045567
7204.1,369.05306177971033
5601.1,233.6379977097047
5610.1,375.86537041114315
5218.1,235.94565278741212
816.1,953.0077184077211
55781.1,58.83660452895451
5128.1,763.5149993174315
65125.1,370.898535812224
28996.1,545.9533530375127
5586.1,56.39374210161924
9748.1,839.102917005743
5588.1,500.2002563752659
8621.1,315.054396403287
5590.1,414.8351012497301
6093.1,467.1707410592985
375449.1,559.0315665271119
5597.1,1.2602695516973963
1459.1,560.0755360300698
815.1,904.0984002642023
9448.1,139.91861280743893
6196.1,178.32173268817954
140469.1,69.81953739872536
5566.1,104.33436122086083
27330.1,41.23562394263245
10290.1,247.44427761166574
2011.1,651.6523683526564
6793.1,610.1386742163555
9175.1,79.2293762109141
9891.1,550.3964094337178
4140.1,731.2117911434245
5063.1,337.6284715707221
369.1,266.49575849776363
8569.1,191.0975085428901
5891.1,863.8960884871951
9262.1,720.6015065983528
9706.1,498.77584518976187
4216.1,728.0055692960601
23139.1,921.6819543278401
27102.1,299.6493093292945
51701.1,602.9636521234024
6790.1,319.98098472132824
8550.1,620.2339953777171
11213.1,806.5521199334306
51776.1,375.11095710911536
54822.1,706.2732584664589
4214.1,954.1832537600629
53904.1,700.4155556143895
6732.1,351.3682950083734
8317.1,812.8932134093136
23031.1,862.4992439826705
2872.1,319.59323232771334
5594.1,595.0165618529342
8814.1,146.12986322278488
7443.1,478.1256513003415
9252.1,913.3319684706963
10110.1,674.4488211203338
6789.1,238.5762179108761
1457.1,128.80213263770423
57144.1,696.0016002498346
8780.1,109.07343866629182
11040.1,295.46454184538675
5127.1,87.8051890466143
8428.1,234.41107150445805
5595.1,689.1030629947344
23678.1,168.24244710449193
8767.1,35.10707801339817
3551.1,213.0728729088731
6788.1,964.8117044435525
11184.1,70.2028189583342
1760.1,115.17661354451876
51231.1,9.74637755546926
6795.1,478.4533812901996
208.1,851.2011422623478
25865.1,428.1553798272304
22983.1,976.7711170168967
1021.1,726.0253498213357
51422.1,183.35100110033105
3984.1,655.7495560355417
7046.1,11.863638822638693
5599.1,6.139123324331955
657.1,506.9694208827016
1326.1,983.5329211045544
6198.1,774.9512376255678
5573.1,251.48334553084857
5602.1,802.0841935497757
10114.1,414.6915535204732
10645.1,738.0757885051237
4117.1,254.0357429030644
1432.1,495.92956127983
11329.1,572.4830882006182
22858.1,248.8075754739482
8899.1,579.2201639621215
1452.1,877.978392175221
5576.1,61.697074881854235
79858.1,742.3192395697941
7867.1,328.86216169361904
93.1,416.06497941652543
6787.1,386.67646471938195
90.1,247.92047590504663
8576.1,823.1314164946226
23178.1,283.6531283485748
10494.1,170.91187965364765
23683.1,879.2281753279295
22848.1,247.95386392900642
4139.1,540.284035981192
10000.1,200.35293271343747
5129.1,826.5591521429777
4751.1,252.9454146972118
6195.1,616.4010462832149
6794.1,321.3445450981963
6446.1,423.84966788120335
140803.1,435.787307274812
10783.1,213.9195456334655
91754.1,278.94095488474346
84930.1,271.30917870953584
92.1,607.1510856397541
11113.1,142.34307755392805
5585.1,286.5591948342884
1017.1,99.1292395762202
130399.1,148.95983011415092
83732.1,818.1517004007982
2962.1,150.61947439119686
140901.1,37.83868800018813
65266.1,143.69942847152325
5582.1,814.2410805420532
9088.1,927.2269131653593
440275.1,7.2105755318760485
11035.1,764.4884836074501
5589.1,587.2103990310075
65975.1,876.746397334789
10298.1,826.8768496949741
4294.1,98.32149345441147
9113.1,803.3717998810015
5565.1,477.7098034119551
5894.1,424.3826893031606
5562.1,289.0066645022482
1024.1,355.3642248452911
25778.1,86.52942647433369
9201.1,932.4664580811612
1455.1,333.1764094767264
1022.1,588.4597445472708
3656.1,528.099232827396
8536.1,846.3154586253872
9475.1,7.212448105179202
10595.1,648.5739027859229
51765.1,748.6742793129787
51347.1,312.5063690487206
6733.1,56.38066018494325
6885.1,730.9972125998315
269.1,726.8345638139518
1019.1,908.3084586686923
91.1,233.9745492589245
4752.1,403.2392493983832
26750.1,85.76672979208958
1025.1,311.81231025786
9128.1,942.8787115353044
5292.1,677.9147286577071
8737.1,62.10774174573568
4750.1,125.0708678176594
56924.1,603.7529341701604
65061.1,739.6582841235248
5593.1,14.242141167218048
658.1,304.08823403570585
55589.1,194.0919457964078
8999.1,509.0378081247529
94.1,90.8911155476457
7786.1,143.25405714902658
283629.1,631.2804185404781
25989.1,471.129115402655
5170.1,50.2394478007583
50488.1,370.0768584759539
1453.1,291.0201517055926
5596.1,412.75735640586544
30811.1,964.8367803627323
207.1,594.8323036591689
10733.1,7.304017660708432
9064.1,24.560188150213875
5567.1,597.7181124353676
9641.1,200.09226705656815
84451.1,181.00586350953225
8476.1,765.4482302908867
817.1,541.9394991981889
10769.1,367.81784572636735
11011.1,439.65241100805326
8573.1,344.60205915256626
6872.1,183.00846094277074
85481.1,488.8176864583445
818.1,119.95491379274405
5058.1,117.67414765721854
472.1,355.880189724581
1111.1,71.0499342585249
9344.1,161.76296483335767
26524.1,569.4198646825894
1456.1,451.5539683095475
140609.1,185.84940644521157
127933.1,368.73649310225966
814.1,154.74166169301355
55351.1,361.54122762021564
5578.1,424.3053935600893
79705.1,358.0654769792102
23043.1,134.69498461212953
23097.1,699.942228984837
7273.1,542.4980641167124
23552.1,772.2049753119792
5603.1,899.6603312383354
701.1,833.3368564424751
23049.1,580.6850147839576
673.1,582.8091809286101
65018.1,663.3358504933112
5681.1,336.8955771597704
8997.1,44.517479797750546
29941.1,609.4838259499509
84446.1,264.1726386588828
57551.1,806.3267758693096
23387.1,818.9096417792346
284086.1,946.9599341359352
8986.1,597.9567928557656
5563.1,786.0547675875115
81629.1,334.2658462585111
9261.1,342.49826305202714
204851.1,482.4339084973479
27148.1,561.1607798249972
7048.1,645.5746295601245
81788.1,714.5193496693829
5584.1,624.533723268516
54861.1,541.1893840928136
5580.1,127.6727137057529
9263.1,947.1311600230526
1020.1,244.69242992888627
10922.1,581.1252686130534
5568.1,830.2024353296168
65268.1,920.2136138679717
9833.1,416.6711791396966
282974.1,525.92740693908
3611.1,252.6071600188847
7465.1,825.6382200811141
5598.1,519.4388318102195
5579.1,226.27210154017024
5347.1,812.0142243695853
51755.1,536.9180010430147
1613.1,552.4255264058614
54986.1,518.0360600440329
5871.1,228.64330502462315
197259.1,171.31560868502612
53944.1,218.78887673072705
202374.1,376.298777263175
699.1,55.82747601154282
10746.1,367.685391996628
23235.1,19.151403593684563
983.1,538.0392077405404
166614.1,218.98707529427537
5581.1,200.75503202135576
55561.1,152.13004930860507
9451.1,426.20409659266966
112858.1,684.6373673266297
4342.1,542.1134746172885
9943.1,643.4427006205343
4296.1,495.76663265838454
1263.1,616.3856197737524
9024.1,6.573044669515641
545.1,675.0463814161413
6199.1,491.92382792102666
8408.1,358.2632613088429
6197.1,691.8009411882947
83983.1,417.56586771385054
2081.1,95.51324229057123
2580.1,606.6852407858248
9212.1,232.16528255536522
122011.1,981.2229197660173
5062.1,210.35751033194785
389840.1,229.07633720753532
225689.1,476.0988713542979
9625.1,99.27679688712904
3985.1,530.6072700419735
57118.1,981.820746931458
54101.1,960.2408046052157
29110.1,353.70259305920615
11200.1,380.30574777135496
5613.1,313.6801078641928
3654.1,467.9092469061623
5587.1,822.8176508454352
8558.1,641.1676213361203
5600.1,590.3217171031424
5592.1,763.8166393276665
613.1,411.4461939757501
6300.1,261.2716337736133
5575.1,472.45706242549886
388228.1,794.8752578215395
120892.1,256.53420201182973
56164.1,794.3577242115119
30849.1,331.9363647913329
65267.1,598.0508446245725
1612.1,262.0595640704311
341676.1,395.33770704863997
4217.1,849.2304614668114
51135.1,530.3499881955128
415116.1,383.683742276913
9874.1,478.365174580329
27347.1,557.762106006778
9578.1,562.7546111422907
4215.1,382.29839002357056
659.1,636.233849345588
8859.1,276.6410148304888
1460.1,728.085859949183
344387.1,359.7404772669958
23617.1,423.9317614030963
23012.1,743.4576922901139
83942.1,118.43225181747547
1147.1,311.68222516520257
1454.1,815.4292335922892
494551.1,990.6123588255707
984.1,417.4850026660331
1018.1,478.15650594874825
5591.1,874.9320210247823
5536.1,57.0907386830565
23035.1,593.0947863852325
9150.1,30.801192906726516
5523.1,742.2044294420109
5522.1,185.39961584309745
23239.1,239.52988038424527
5475.1,556.8308294007112
9647.1,984.2195886958467
5494.1,743.2956795960102
5516.1,283.5997612088786
5518.1,955.8865366330534
5532.1,911.6517877395503
5515.1,679.9669181280452
5496.1,436.6252869579646
5537.1,348.35574413686436
5507.1,8.681153613091915
5533.1,327.01557190851634
79871.1,70.70006414078746
84152.1,755.3702007495249
80895.1,114.71699919548912
5502.1,311.5282076830688
5519.1,187.27534993996633
5495.1,313.07971959694333
5530.1,525.9455215687746
58190.1,971.9116396507478
10217.1,203.93377964385246
5531.1,802.0383423501764
5506.1,384.39815693420104
5470.1,313.58131592419795
5521.1,27.41545127958593
29101.1,465.94355900502137
152926.1,203.14848504312215
132160.1,164.68211567215494
134510.1,343.6825546551961
28227.1,546.5483590446817
8493.1,982.6250717898947
5499.1,414.74069963204334
22843.1,155.82949638293556
10106.1,821.2054009091206
5504.1,532.7490146799953
5501.1,482.881046578181
5535.1,640.2488340991835
5500.1,968.0155893975748
5534.1,127.65787023094042
5520.1,554.4236891854239
192111.1,94.80632277489202
5616.1,653.7062874826236
360132.1,430.4093745365546
80024.1,952.2328205718482
55244.1,676.830325996069
146802.1,385.5288111680153
5002.1,122.86912074157217
254428.1,794.0947157279783
84102.1,584.3019147225042
1317.1,599.2432498473714
345274.1,857.1614331101503
116085.1,998.7299727168023
79660.1,81.10693684167357
23729.1,106.73524720710977
123688.1,3.9850956219128086
51171.1,695.0781409482462
10202.1,493.44833362314046
10553.1,319.4422393071073
84869.1,47.826446611274484
1487.1,483.21610214457866
56898.1,72.40752909399065
374875.1,728.2840143294542
121214.1,416.68157587315443
100288072.1,94.45362093033135
93517.1,116.01062758712092
51741.1,886.2075452174936
340811.1,789.7741383086391
441282.1,522.4214654128365
10954.1,799.3581290666598
10130.1,851.57354408993
9601.1,656.7421673428564
54495.1,355.19473222965775
2923.1,74.15255925463059
85007.1,868.414290403972
10226.1,596.7973692001093
161247.1,274.6045206852574
729359.1,25.048230908792593
26580.1,787.6896942396936
128486.1,556.1888222450904
649.1,13.620415432984714
123264.1,101.28210071107097
200931.1,611.1452475564176
0,688.0283527770466
5446.1,645.0048000766557
5250.4,267.7196471548247
5250.1,837.2201914881621
5250.3,508.0701454320253
5250.2,533.9892877222812
513.1,673.2718626167015
498.2,682.872173427221
506.1,579.84083571916
509.2,288.4449178361487
514.1,374.3432348843118
513.2,176.86355632297662
514.2,497.43985202497487
509.1,982.043124159414
498.1,497.8049648779055
498.3,34.69552997133945
10632.1,539.7543367138943
4905.1,30.269129676018075
10476.1,727.6321544815454
9551.3,899.2837937166712
522.5,607.0163337562715
516.2,147.16266302166855
521.1,996.7991962922279
515.1,386.4596219675383
518.3,124.02362149315205
515.2,332.5372402762931
10476.2,27.785448259237178
522.3,420.1697460846928
517.2,552.2206187776368
9551.2,581.1916782663828
518.2,37.455924679202056
9551.1,285.57690594493596
522.4,207.20870866904826
522.2,204.9402687413114
515.3,58.759342477735956
522.1,594.620836550533
517.1,231.69636812574967
516.1,807.5112925368475
518.1,375.92516370734756
539.1,974.7899796277577
267020.1,943.4246251563186
27109.1,804.9845952460665
7384.1,954.7864856744281
7388.1,592.334139909567
4519.1,721.1679039066463
29796.2,736.1241074469572
10975.1,101.02703713580372
7385.1,447.901095659689
7386.1,551.8147885387618
1537.1,652.1504035564681
27089.1,630.1338636090867
7381.1,726.7138460054383
29796.1,339.43523384198284
9016.1,787.7797701613924
7352.2,14.961737847709648
7352.1,835.6430747500938
7351.1,107.3747929849605
9016.2,531.5298458439294
9481.1,816.2288336752224
4715.1,430.4938222732638
4720.1,673.8771926444782
4719.1,108.87347410531092
4700.1,787.1058816944293
55967.1,120.35871775515798
4709.1,357.7228581869983
4710.1,891.0552791455639
4726.1,993.529832342887
4718.1,247.46881173472767
4696.1,562.6675057664195
4694.1,583.597935814374
374291.1,568.4143338618799
4728.1,908.3432740482034
4712.2,121.41671984736259
4717.1,377.45357134013176
4705.1,890.299829598866
4725.1,747.8070488150382
4716.1,944.61891853006
4537.1,613.1831129345294
7991.1,166.10482346094255
4722.1,22.792528188293105
4541.1,870.1217394436799
4539.1,743.4218176588251
4707.1,435.43604649230303
4701.1,760.3871176878655
4723.1,994.4794954234769
4698.1,364.6206262189004
4538.1,283.64780667803296
4697.1,316.9050931473503
51079.1,263.4606234250184
4714.1,395.28007279252273
4704.1,703.1094141278688
126328.1,524.5320133935229
4711.1,39.78670991659754
4724.1,357.4664791567483
4713.1,565.9334369991939
4536.1,956.3483013475646
4695.1,380.1299718711969
4702.1,209.9276801044964
4708.1,125.94940578295156
4535.1,612.9033008513493
4731.2,700.9584241852577
4729.1,790.2819609793519
4540.1,971.7409578196961
7991.2,411.64055405693153
4731.1,509.2209061426012
4712.1,481.75904871470846
54539.1,512.1776389879761
1351.1,992.3944254343012
1347.1,987.2864968989452
1329.1,65.49433554983759
1327.1,979.8721180548293
341947.1,633.3136133979823
9167.1,905.100013162772
1350.1,510.2775813596387
4512.1,132.92582811332534
1349.1,494.7261592517193
1339.1,484.80235807657857
1345.1,183.0949157219968
4513.1,893.1669803275178
9377.1,294.73237890577053
125965.1,213.66766391041548
4514.1,952.8087503589653
170712.1,894.1287334480952
1346.1,182.54140500784757
1340.1,411.25790675010643
84701.1,373.07039689466455
1337.1,935.5771953284546
